lot,wafer,x,y,hbin,sbin,testdate,temp,testA,testB,testC
LOT123,W01,-12,-2,1,10,2026-04-22,25,0.942,0.537,59.707
LOT123,W01,-12,-1,1,10,2026-04-22,25,1.046,0.52,51.303
LOT123,W01,-12,0,4,45,2026-04-22,25,1.061,0.524,55.131
LOT123,W01,-12,1,1,10,2026-04-22,25,0.96,0.532,73.123
LOT123,W01,-12,2,1,10,2026-04-22,25,1.038,0.539,56.538
LOT123,W01,-11,-3,1,10,2026-04-22,25,1.087,0.527,63.027
LOT123,W01,-11,-2,2,20,2026-04-22,25,1.095,0.541,55.977
LOT123,W01,-11,-1,1,10,2026-04-22,25,1.107,0.539,43.931
LOT123,W01,-11,0,3,40,2026-04-22,25,0.968,0.526,57.32
LOT123,W01,-11,1,2,20,2026-04-22,25,1.008,0.527,49.741
LOT123,W01,-11,2,2,20,2026-04-22,25,1.026,0.514,50.225
LOT123,W01,-11,3,1,10,2026-04-22,25,0.999,0.519,54.122
LOT123,W01,-10,-5,1,10,2026-04-22,25,0.915,0.542,77.863
LOT123,W01,-10,-4,1,10,2026-04-22,25,0.926,0.543,55.438
LOT123,W01,-10,-3,2,20,2026-04-22,25,0.952,0.518,53.378
LOT123,W01,-10,-2,4,45,2026-04-22,25,1.011,0.531,38.344
LOT123,W01,-10,-1,1,10,2026-04-22,25,1.082,0.513,49.198
LOT123,W01,-10,0,1,10,2026-04-22,25,1.097,0.527,45.481
LOT123,W01,-10,1,4,45,2026-04-22,25,1.005,0.508,50.834
LOT123,W01,-10,2,2,20,2026-04-22,25,1.071,0.524,48.439
LOT123,W01,-10,3,1,10,2026-04-22,25,0.972,0.534,52.601
LOT123,W01,-10,4,1,10,2026-04-22,25,1.06,0.528,62.035
LOT123,W01,-10,5,2,20,2026-04-22,25,0.927,0.538,56.752
LOT123,W01,-9,-5,1,10,2026-04-22,25,1.044,0.516,63.242
LOT123,W01,-9,-4,3,40,2026-04-22,25,1.09,0.523,48.859
LOT123,W01,-9,-3,1,10,2026-04-22,25,1.12,0.528,50.703
LOT123,W01,-9,-2,1,10,2026-04-22,25,1.078,0.509,44.542
LOT123,W01,-9,-1,1,10,2026-04-22,25,1.078,0.514,39.765
LOT123,W01,-9,0,1,10,2026-04-22,25,1.15,0.521,30.242
LOT123,W01,-9,1,2,20,2026-04-22,25,1.203,0.51,31.543
LOT123,W01,-9,2,1,10,2026-04-22,25,1.164,0.519,40.688
LOT123,W01,-9,3,1,10,2026-04-22,25,1.157,0.511,45.077
LOT123,W01,-9,4,1,10,2026-04-22,25,1.104,0.521,45.887
LOT123,W01,-9,5,1,10,2026-04-22,25,1.037,0.519,48.483
LOT123,W01,-8,-6,1,10,2026-04-22,25,0.976,0.526,62.712
LOT123,W01,-8,-5,1,10,2026-04-22,25,1.082,0.539,59.118
LOT123,W01,-8,-4,1,10,2026-04-22,25,1.108,0.517,39.291
LOT123,W01,-8,-3,3,40,2026-04-22,25,1.072,0.513,36.997
LOT123,W01,-8,-2,2,20,2026-04-22,25,1.156,0.497,35.143
LOT123,W01,-8,-1,1,10,2026-04-22,25,1.233,0.517,30.038
LOT123,W01,-8,0,1,10,2026-04-22,25,1.099,0.517,30.288
LOT123,W01,-8,1,1,10,2026-04-22,25,1.143,0.501,33.083
LOT123,W01,-8,2,1,10,2026-04-22,25,1.225,0.515,35.901
LOT123,W01,-8,3,1,10,2026-04-22,25,1.189,0.514,42.494
LOT123,W01,-8,4,1,10,2026-04-22,25,1.123,0.526,50.857
LOT123,W01,-8,5,2,20,2026-04-22,25,1.048,0.538,49.026
LOT123,W01,-8,6,1,10,2026-04-22,25,0.91,0.545,70.267
LOT123,W01,-7,-6,4,45,2026-04-22,25,1.082,0.519,45.86
LOT123,W01,-7,-5,1,10,2026-04-22,25,1.02,0.52,37.487
LOT123,W01,-7,-4,1,10,2026-04-22,25,1.189,0.499,42.75
LOT123,W01,-7,-3,1,10,2026-04-22,25,1.079,0.517,29.315
LOT123,W01,-7,-2,1,10,2026-04-22,25,1.189,0.49,26.891
LOT123,W01,-7,-1,1,10,2026-04-22,25,1.256,0.499,24.764
LOT123,W01,-7,0,4,45,2026-04-22,25,1.212,0.506,24.447
LOT123,W01,-7,1,1,10,2026-04-22,25,1.269,0.505,24.59
LOT123,W01,-7,2,1,10,2026-04-22,25,1.12,0.5,29.749
LOT123,W01,-7,3,1,10,2026-04-22,25,1.115,0.5,30.295
LOT123,W01,-7,4,2,20,2026-04-22,25,1.178,0.517,42.229
LOT123,W01,-7,5,1,10,2026-04-22,25,1.089,0.515,50.19
LOT123,W01,-7,6,2,20,2026-04-22,25,1.063,0.516,50.594
LOT123,W01,-6,-7,2,20,2026-04-22,25,0.945,0.523,57.565
LOT123,W01,-6,-6,1,10,2026-04-22,25,1.012,0.524,44.362
LOT123,W01,-6,-5,1,10,2026-04-22,25,1.033,0.528,37.915
LOT123,W01,-6,-4,1,10,2026-04-22,25,1.193,0.5,28.146
LOT123,W01,-6,-3,4,45,2026-04-22,25,1.126,0.503,22.668
LOT123,W01,-6,-2,1,10,2026-04-22,25,1.184,0.505,22.846
LOT123,W01,-6,-1,1,10,2026-04-22,25,1.31,0.498,26.719
LOT123,W01,-6,0,1,10,2026-04-22,25,1.259,0.487,22.215
LOT123,W01,-6,1,1,10,2026-04-22,25,1.285,0.481,24.85
LOT123,W01,-6,2,1,10,2026-04-22,25,1.272,0.499,27.82
LOT123,W01,-6,3,1,10,2026-04-22,25,1.227,0.495,23.105
LOT123,W01,-6,4,1,10,2026-04-22,25,1.078,0.514,30.09
LOT123,W01,-6,5,1,10,2026-04-22,25,1.105,0.511,33.457
LOT123,W01,-6,6,2,20,2026-04-22,25,0.986,0.519,44.532
LOT123,W01,-6,7,1,10,2026-04-22,25,0.904,0.523,50.327
LOT123,W01,-5,-7,1,10,2026-04-22,25,0.955,0.538,67.209
LOT123,W01,-5,-6,1,10,2026-04-22,25,1.015,0.53,50.13
LOT123,W01,-5,-5,2,20,2026-04-22,25,1.113,0.52,32.851
LOT123,W01,-5,-4,1,10,2026-04-22,25,1.246,0.494,30.905
LOT123,W01,-5,-3,1,10,2026-04-22,25,1.143,0.508,21.982
LOT123,W01,-5,-2,1,10,2026-04-22,25,1.339,0.503,17.302
LOT123,W01,-5,-1,1,10,2026-04-22,25,1.279,0.489,19.833
LOT123,W01,-5,0,1,10,2026-04-22,25,1.324,0.482,15.675
LOT123,W01,-5,1,1,10,2026-04-22,25,1.256,0.488,20.353
LOT123,W01,-5,2,1,10,2026-04-22,25,1.255,0.503,20.503
LOT123,W01,-5,3,1,10,2026-04-22,25,1.204,0.49,22.382
LOT123,W01,-5,4,3,40,2026-04-22,25,1.14,0.496,29.495
LOT123,W01,-5,5,1,10,2026-04-22,25,1.064,0.507,37.414
LOT123,W01,-5,6,1,10,2026-04-22,25,1.07,0.51,51.64
LOT123,W01,-5,7,1,10,2026-04-22,25,1.088,0.521,65.973
LOT123,W01,-4,-7,1,10,2026-04-22,25,1.045,0.514,59.414
LOT123,W01,-4,-6,1,10,2026-04-22,25,1.145,0.507,40.623
LOT123,W01,-4,-5,1,10,2026-04-22,25,1.134,0.517,34.56
LOT123,W01,-4,-4,2,20,2026-04-22,25,1.164,0.489,28.292
LOT123,W01,-4,-3,1,10,2026-04-22,25,1.245,0.5,19.336
LOT123,W01,-4,-2,1,10,2026-04-22,25,1.285,0.481,21.18
LOT123,W01,-4,-1,1,10,2026-04-22,25,1.381,0.475,13.866
LOT123,W01,-4,0,2,20,2026-04-22,25,1.281,0.47,13.4
LOT123,W01,-4,1,1,10,2026-04-22,25,1.278,0.466,18.113
LOT123,W01,-4,2,3,40,2026-04-22,25,1.319,0.484,18.788
LOT123,W01,-4,3,3,40,2026-04-22,25,1.187,0.489,25.058
LOT123,W01,-4,4,4,45,2026-04-22,25,1.261,0.494,26.444
LOT123,W01,-4,5,1,10,2026-04-22,25,1.078,0.502,26.945
LOT123,W01,-4,6,1,10,2026-04-22,25,1.144,0.512,37.407
LOT123,W01,-4,7,1,10,2026-04-22,25,0.972,0.519,60.252
LOT123,W01,-3,-8,1,10,2026-04-22,25,0.964,0.547,55.03
LOT123,W01,-3,-7,2,20,2026-04-22,25,1.075,0.536,53.129
LOT123,W01,-3,-6,1,10,2026-04-22,25,1.11,0.501,33.841
LOT123,W01,-3,-5,1,10,2026-04-22,25,1.249,0.508,30.87
LOT123,W01,-3,-4,2,20,2026-04-22,25,1.167,0.498,21.295
LOT123,W01,-3,-3,2,20,2026-04-22,25,1.264,0.487,16.567
LOT123,W01,-3,-2,1,10,2026-04-22,25,1.261,0.49,14.053
LOT123,W01,-3,-1,1,10,2026-04-22,25,1.39,0.46,14.662
LOT123,W01,-3,0,1,10,2026-04-22,25,1.32,0.479,15.16
LOT123,W01,-3,1,1,10,2026-04-22,25,1.331,0.461,15.813
LOT123,W01,-3,2,1,10,2026-04-22,25,1.381,0.471,16.787
LOT123,W01,-3,3,1,10,2026-04-22,25,1.287,0.495,18.604
LOT123,W01,-3,4,3,40,2026-04-22,25,1.155,0.498,27.193
LOT123,W01,-3,5,1,10,2026-04-22,25,1.151,0.51,32.784
LOT123,W01,-3,6,1,10,2026-04-22,25,1.067,0.521,45.913
LOT123,W01,-3,7,1,10,2026-04-22,25,1.117,0.516,58.064
LOT123,W01,-3,8,4,45,2026-04-22,25,1.001,0.528,54.748
LOT123,W01,-2,-8,2,20,2026-04-22,25,1.015,0.525,63.12
LOT123,W01,-2,-7,1,10,2026-04-22,25,1.044,0.529,55.931
LOT123,W01,-2,-6,2,20,2026-04-22,25,1.046,0.5,30.751
LOT123,W01,-2,-5,2,20,2026-04-22,25,1.181,0.514,26.996
LOT123,W01,-2,-4,1,10,2026-04-22,25,1.253,0.486,23.446
LOT123,W01,-2,-3,1,10,2026-04-22,25,1.315,0.485,19.59
LOT123,W01,-2,-2,1,10,2026-04-22,25,1.436,0.469,16.04
LOT123,W01,-2,-1,1,10,2026-04-22,25,1.352,0.454,10.917
LOT123,W01,-2,0,1,10,2026-04-22,25,1.409,0.461,12.188
LOT123,W01,-2,1,1,10,2026-04-22,25,1.359,0.48,11.368
LOT123,W01,-2,2,1,10,2026-04-22,25,1.266,0.485,15.792
LOT123,W01,-2,3,1,10,2026-04-22,25,1.359,0.473,21.095
LOT123,W01,-2,4,1,10,2026-04-22,25,1.321,0.499,23.744
LOT123,W01,-2,5,1,10,2026-04-22,25,1.163,0.505,27.564
LOT123,W01,-2,6,1,10,2026-04-22,25,1.152,0.518,35.494
LOT123,W01,-2,7,1,10,2026-04-22,25,1.044,0.519,56.967
LOT123,W01,-2,8,3,40,2026-04-22,25,0.973,0.529,72.73
LOT123,W01,-1,-8,1,10,2026-04-22,25,1.005,0.539,59.029
LOT123,W01,-1,-7,2,20,2026-04-22,25,1.051,0.513,47.23
LOT123,W01,-1,-6,1,10,2026-04-22,25,1.056,0.509,41.264
LOT123,W01,-1,-5,1,10,2026-04-22,25,1.191,0.503,29.933
LOT123,W01,-1,-4,1,10,2026-04-22,25,1.163,0.496,20.541
LOT123,W01,-1,-3,1,10,2026-04-22,25,1.319,0.469,19.141
LOT123,W01,-1,-2,3,40,2026-04-22,25,1.283,0.465,12.729
LOT123,W01,-1,-1,1,10,2026-04-22,25,1.403,0.466,9.448
LOT123,W01,-1,0,1,10,2026-04-22,25,1.414,0.454,8.2
LOT123,W01,-1,1,1,10,2026-04-22,25,1.398,0.462,10.789
LOT123,W01,-1,2,1,10,2026-04-22,25,1.389,0.466,14.335
LOT123,W01,-1,3,1,10,2026-04-22,25,1.308,0.479,18.706
LOT123,W01,-1,4,2,20,2026-04-22,25,1.239,0.479,26.643
LOT123,W01,-1,5,1,10,2026-04-22,25,1.111,0.503,23.435
LOT123,W01,-1,6,1,10,2026-04-22,25,1.109,0.518,39.947
LOT123,W01,-1,7,1,10,2026-04-22,25,1.007,0.524,50.339
LOT123,W01,-1,8,1,10,2026-04-22,25,1.062,0.531,54.99
LOT123,W01,0,-8,1,10,2026-04-22,25,1.016,0.526,50.033
LOT123,W01,0,-7,1,10,2026-04-22,25,1.04,0.51,52.363
LOT123,W01,0,-6,1,10,2026-04-22,25,1.098,0.522,38.883
LOT123,W01,0,-5,3,40,2026-04-22,25,1.103,0.491,31.967
LOT123,W01,0,-4,1,10,2026-04-22,25,1.186,0.484,23.672
LOT123,W01,0,-3,1,10,2026-04-22,25,1.369,0.471,19.794
LOT123,W01,0,-2,3,40,2026-04-22,25,1.346,0.466,14.294
LOT123,W01,0,-1,1,10,2026-04-22,25,1.472,0.465,10.074
LOT123,W01,0,0,1,10,2026-04-22,25,1.577,0.455,7.62
LOT123,W01,0,1,1,10,2026-04-22,25,1.501,0.458,11.911
LOT123,W01,0,2,1,10,2026-04-22,25,1.445,0.461,11.576
LOT123,W01,0,3,1,10,2026-04-22,25,1.291,0.476,18.786
LOT123,W01,0,4,1,10,2026-04-22,25,1.284,0.501,17.913
LOT123,W01,0,5,1,10,2026-04-22,25,1.203,0.496,22.58
LOT123,W01,0,6,1,10,2026-04-22,25,1.046,0.524,39.074
LOT123,W01,0,7,1,10,2026-04-22,25,1.052,0.519,44.679
LOT123,W01,0,8,1,10,2026-04-22,25,1.041,0.527,58.2
LOT123,W01,1,-8,1,10,2026-04-22,25,1.053,0.523,70.485
LOT123,W01,1,-7,1,10,2026-04-22,25,1.067,0.515,52.759
LOT123,W01,1,-6,1,10,2026-04-22,25,1.181,0.515,42.114
LOT123,W01,1,-5,1,10,2026-04-22,25,1.178,0.5,27.822
LOT123,W01,1,-4,1,10,2026-04-22,25,1.277,0.488,19.191
LOT123,W01,1,-3,1,10,2026-04-22,25,1.31,0.49,19.732
LOT123,W01,1,-2,1,10,2026-04-22,25,1.375,0.462,10.927
LOT123,W01,1,-1,1,10,2026-04-22,25,1.493,0.461,10.392
LOT123,W01,1,0,1,10,2026-04-22,25,1.468,0.47,8.595
LOT123,W01,1,1,1,10,2026-04-22,25,1.389,0.449,12.532
LOT123,W01,1,2,1,10,2026-04-22,25,1.367,0.484,12.445
LOT123,W01,1,3,1,10,2026-04-22,25,1.258,0.481,18.774
LOT123,W01,1,4,3,40,2026-04-22,25,1.278,0.498,22.104
LOT123,W01,1,5,1,10,2026-04-22,25,1.188,0.505,24.611
LOT123,W01,1,6,1,10,2026-04-22,25,1.034,0.51,42.606
LOT123,W01,1,7,1,10,2026-04-22,25,1.028,0.533,48.998
LOT123,W01,1,8,1,10,2026-04-22,25,1.05,0.524,59.998
LOT123,W01,2,-8,2,20,2026-04-22,25,1.002,0.541,65.75
LOT123,W01,2,-7,1,10,2026-04-22,25,1.136,0.528,52.324
LOT123,W01,2,-6,4,45,2026-04-22,25,1.12,0.512,40.53
LOT123,W01,2,-5,3,40,2026-04-22,25,1.137,0.515,34.127
LOT123,W01,2,-4,2,20,2026-04-22,25,1.146,0.487,24.858
LOT123,W01,2,-3,2,20,2026-04-22,25,1.338,0.485,15.684
LOT123,W01,2,-2,1,10,2026-04-22,25,1.347,0.475,17.023
LOT123,W01,2,-1,1,10,2026-04-22,25,1.464,0.473,11.483
LOT123,W01,2,0,1,10,2026-04-22,25,1.336,0.452,13.43
LOT123,W01,2,1,1,10,2026-04-22,25,1.395,0.471,12.142
LOT123,W01,2,2,1,10,2026-04-22,25,1.385,0.473,15.458
LOT123,W01,2,3,1,10,2026-04-22,25,1.364,0.486,19.553
LOT123,W01,2,4,1,10,2026-04-22,25,1.222,0.494,19.544
LOT123,W01,2,5,1,10,2026-04-22,25,1.199,0.511,34.25
LOT123,W01,2,6,1,10,2026-04-22,25,1.144,0.523,40.679
LOT123,W01,2,7,1,10,2026-04-22,25,1.063,0.512,57.154
LOT123,W01,2,8,1,10,2026-04-22,25,0.949,0.521,67.03
LOT123,W01,3,-8,1,10,2026-04-22,25,0.915,0.548,67.929
LOT123,W01,3,-7,2,20,2026-04-22,25,1.016,0.514,59.36
LOT123,W01,3,-6,1,10,2026-04-22,25,1.137,0.519,40.979
LOT123,W01,3,-5,1,10,2026-04-22,25,1.154,0.491,30.392
LOT123,W01,3,-4,1,10,2026-04-22,25,1.157,0.507,20.885
LOT123,W01,3,-3,2,20,2026-04-22,25,1.23,0.477,16.39
LOT123,W01,3,-2,1,10,2026-04-22,25,1.319,0.471,18.709
LOT123,W01,3,-1,1,10,2026-04-22,25,1.344,0.474,12.861
LOT123,W01,3,0,3,40,2026-04-22,25,1.333,0.462,11.696
LOT123,W01,3,1,1,10,2026-04-22,25,1.296,0.479,11.676
LOT123,W01,3,2,1,10,2026-04-22,25,1.296,0.481,19.073
LOT123,W01,3,3,1,10,2026-04-22,25,1.27,0.487,19.338
LOT123,W01,3,4,1,10,2026-04-22,25,1.144,0.5,23.719
LOT123,W01,3,5,3,40,2026-04-22,25,1.128,0.504,35.437
LOT123,W01,3,6,1,10,2026-04-22,25,1.082,0.508,45.109
LOT123,W01,3,7,2,20,2026-04-22,25,1.021,0.537,54.456
LOT123,W01,3,8,4,45,2026-04-22,25,0.987,0.542,56.762
LOT123,W01,4,-7,1,10,2026-04-22,25,1.11,0.526,62.002
LOT123,W01,4,-6,1,10,2026-04-22,25,1.055,0.507,40.133
LOT123,W01,4,-5,1,10,2026-04-22,25,1.172,0.516,38.757
LOT123,W01,4,-4,1,10,2026-04-22,25,1.262,0.49,29.019
LOT123,W01,4,-3,1,10,2026-04-22,25,1.248,0.499,20.058
LOT123,W01,4,-2,1,10,2026-04-22,25,1.341,0.491,16.839
LOT123,W01,4,-1,1,10,2026-04-22,25,1.233,0.465,14.685
LOT123,W01,4,0,1,10,2026-04-22,25,1.303,0.478,13.215
LOT123,W01,4,1,2,20,2026-04-22,25,1.288,0.481,13.355
LOT123,W01,4,2,1,10,2026-04-22,25,1.36,0.486,19.601
LOT123,W01,4,3,1,10,2026-04-22,25,1.264,0.501,21.199
LOT123,W01,4,4,1,10,2026-04-22,25,1.271,0.505,27.551
LOT123,W01,4,5,1,10,2026-04-22,25,1.198,0.512,29.551
LOT123,W01,4,6,1,10,2026-04-22,25,1.152,0.516,38.236
LOT123,W01,4,7,2,20,2026-04-22,25,1.079,0.538,59.672
LOT123,W01,5,-7,1,10,2026-04-22,25,1.001,0.515,61.195
LOT123,W01,5,-6,4,45,2026-04-22,25,1.018,0.522,43.687
LOT123,W01,5,-5,2,20,2026-04-22,25,1.167,0.525,43.609
LOT123,W01,5,-4,1,10,2026-04-22,25,1.248,0.502,33.475
LOT123,W01,5,-3,1,10,2026-04-22,25,1.176,0.484,27.828
LOT123,W01,5,-2,1,10,2026-04-22,25,1.178,0.485,19.571
LOT123,W01,5,-1,1,10,2026-04-22,25,1.326,0.48,19.471
LOT123,W01,5,0,1,10,2026-04-22,25,1.214,0.479,15.601
LOT123,W01,5,1,1,10,2026-04-22,25,1.362,0.476,20.014
LOT123,W01,5,2,1,10,2026-04-22,25,1.291,0.492,24.839
LOT123,W01,5,3,1,10,2026-04-22,25,1.206,0.489,24.865
LOT123,W01,5,4,1,10,2026-04-22,25,1.143,0.499,29.984
LOT123,W01,5,5,4,45,2026-04-22,25,1.209,0.501,31.158
LOT123,W01,5,6,4,45,2026-04-22,25,1.155,0.511,49.078
LOT123,W01,5,7,1,10,2026-04-22,25,1.069,0.517,51.168
LOT123,W01,6,-7,1,10,2026-04-22,25,0.995,0.537,58.0
LOT123,W01,6,-6,1,10,2026-04-22,25,1.095,0.526,52.61
LOT123,W01,6,-5,1,10,2026-04-22,25,1.131,0.528,36.681
LOT123,W01,6,-4,4,45,2026-04-22,25,1.121,0.52,39.406
LOT123,W01,6,-3,1,10,2026-04-22,25,1.205,0.514,30.309
LOT123,W01,6,-2,3,40,2026-04-22,25,1.259,0.488,21.226
LOT123,W01,6,-1,3,40,2026-04-22,25,1.263,0.49,26.505
LOT123,W01,6,0,1,10,2026-04-22,25,1.251,0.487,17.887
LOT123,W01,6,1,4,45,2026-04-22,25,1.192,0.48,25.101
LOT123,W01,6,2,1,10,2026-04-22,25,1.206,0.502,27.208
LOT123,W01,6,3,1,10,2026-04-22,25,1.181,0.51,30.861
LOT123,W01,6,4,3,40,2026-04-22,25,1.124,0.508,38.149
LOT123,W01,6,5,1,10,2026-04-22,25,1.02,0.502,45.63
LOT123,W01,6,6,1,10,2026-04-22,25,1.014,0.525,44.937
LOT123,W01,6,7,3,40,2026-04-22,25,0.987,0.527,62.375
LOT123,W01,7,-6,1,10,2026-04-22,25,0.969,0.528,52.695
LOT123,W01,7,-5,4,45,2026-04-22,25,0.979,0.525,38.669
LOT123,W01,7,-4,1,10,2026-04-22,25,1.183,0.508,43.912
LOT123,W01,7,-3,1,10,2026-04-22,25,1.165,0.513,30.59
LOT123,W01,7,-2,1,10,2026-04-22,25,1.265,0.508,24.412
LOT123,W01,7,-1,2,20,2026-04-22,25,1.139,0.496,22.097
LOT123,W01,7,0,1,10,2026-04-22,25,1.142,0.511,25.526
LOT123,W01,7,1,3,40,2026-04-22,25,1.21,0.499,27.881
LOT123,W01,7,2,1,10,2026-04-22,25,1.142,0.512,31.77
LOT123,W01,7,3,1,10,2026-04-22,25,1.159,0.5,31.059
LOT123,W01,7,4,1,10,2026-04-22,25,1.16,0.518,35.724
LOT123,W01,7,5,1,10,2026-04-22,25,1.047,0.517,41.902
LOT123,W01,7,6,1,10,2026-04-22,25,1.105,0.535,57.787
LOT123,W01,8,-6,1,10,2026-04-22,25,1.003,0.521,57.945
LOT123,W01,8,-5,2,20,2026-04-22,25,1.05,0.525,45.595
LOT123,W01,8,-4,1,10,2026-04-22,25,1.089,0.515,41.742
LOT123,W01,8,-3,1,10,2026-04-22,25,1.056,0.519,35.715
LOT123,W01,8,-2,1,10,2026-04-22,25,1.072,0.51,36.486
LOT123,W01,8,-1,1,10,2026-04-22,25,1.092,0.493,37.194
LOT123,W01,8,0,1,10,2026-04-22,25,1.237,0.496,35.58
LOT123,W01,8,1,1,10,2026-04-22,25,1.14,0.512,31.166
LOT123,W01,8,2,1,10,2026-04-22,25,1.224,0.494,35.684
LOT123,W01,8,3,1,10,2026-04-22,25,1.132,0.501,41.306
LOT123,W01,8,4,2,20,2026-04-22,25,1.071,0.505,46.645
LOT123,W01,8,5,1,10,2026-04-22,25,0.997,0.523,41.612
LOT123,W01,8,6,2,20,2026-04-22,25,1.033,0.539,65.442
LOT123,W01,9,-5,2,20,2026-04-22,25,0.943,0.537,60.586
LOT123,W01,9,-4,1,10,2026-04-22,25,1.077,0.514,41.503
LOT123,W01,9,-3,1,10,2026-04-22,25,1.103,0.518,37.926
LOT123,W01,9,-2,1,10,2026-04-22,25,1.103,0.502,45.234
LOT123,W01,9,-1,1,10,2026-04-22,25,1.144,0.507,41.222
LOT123,W01,9,0,1,10,2026-04-22,25,1.18,0.506,35.725
LOT123,W01,9,1,3,40,2026-04-22,25,1.037,0.509,39.956
LOT123,W01,9,2,1,10,2026-04-22,25,1.161,0.514,38.95
LOT123,W01,9,3,2,20,2026-04-22,25,1.089,0.518,36.273
LOT123,W01,9,4,1,10,2026-04-22,25,1.044,0.528,47.015
LOT123,W01,9,5,2,20,2026-04-22,25,1.088,0.517,48.144
LOT123,W01,10,-5,3,40,2026-04-22,25,1.061,0.544,53.144
LOT123,W01,10,-4,1,10,2026-04-22,25,0.993,0.533,52.705
LOT123,W01,10,-3,1,10,2026-04-22,25,0.993,0.534,43.194
LOT123,W01,10,-2,1,10,2026-04-22,25,1.134,0.523,42.393
LOT123,W01,10,-1,2,20,2026-04-22,25,1.129,0.527,37.628
LOT123,W01,10,0,4,45,2026-04-22,25,1.05,0.524,44.219
LOT123,W01,10,1,4,45,2026-04-22,25,1.117,0.507,51.693
LOT123,W01,10,2,1,10,2026-04-22,25,0.98,0.523,39.752
LOT123,W01,10,3,1,10,2026-04-22,25,0.994,0.515,44.712
LOT123,W01,10,4,1,10,2026-04-22,25,1.089,0.523,54.928
LOT123,W01,10,5,1,10,2026-04-22,25,0.982,0.54,75.22
LOT123,W01,11,-3,1,10,2026-04-22,25,0.913,0.526,51.863
LOT123,W01,11,-2,2,20,2026-04-22,25,0.993,0.514,51.019
LOT123,W01,11,-1,1,10,2026-04-22,25,1.023,0.525,46.582
LOT123,W01,11,0,1,10,2026-04-22,25,1.037,0.532,42.234
LOT123,W01,11,1,1,10,2026-04-22,25,0.977,0.523,61.376
LOT123,W01,11,2,1,10,2026-04-22,25,1.073,0.541,48.313
LOT123,W01,11,3,1,10,2026-04-22,25,1.088,0.539,50.909
LOT123,W01,12,-2,1,10,2026-04-22,25,0.901,0.532,58.173
LOT123,W01,12,-1,1,10,2026-04-22,25,1.02,0.52,56.782
LOT123,W01,12,0,1,10,2026-04-22,25,1.016,0.532,63.01
LOT123,W01,12,1,1,10,2026-04-22,25,0.939,0.529,69.452
LOT123,W01,12,2,1,10,2026-04-22,25,1.042,0.522,74.151
LOT123,W02,-12,-2,2,20,2026-04-22,25,1.038,0.54,76.222
LOT123,W02,-12,-1,1,10,2026-04-22,25,0.99,0.544,54.846
LOT123,W02,-12,0,1,10,2026-04-22,25,0.962,0.522,51.472
LOT123,W02,-12,1,1,10,2026-04-22,25,0.981,0.534,67.85
LOT123,W02,-12,2,1,10,2026-04-22,25,0.913,0.548,74.885
LOT123,W02,-11,-3,1,10,2026-04-22,25,1.011,0.525,51.661
LOT123,W02,-11,-2,1,10,2026-04-22,25,1.002,0.536,44.047
LOT123,W02,-11,-1,1,10,2026-04-22,25,1.091,0.525,59.707
LOT123,W02,-11,0,1,10,2026-04-22,25,1.07,0.519,42.954
LOT123,W02,-11,1,1,10,2026-04-22,25,0.956,0.537,48.455
LOT123,W02,-11,2,3,40,2026-04-22,25,0.975,0.539,64.909
LOT123,W02,-11,3,1,10,2026-04-22,25,1.043,0.527,63.77
LOT123,W02,-10,-5,1,10,2026-04-22,25,1.034,0.548,77.277
LOT123,W02,-10,-4,1,10,2026-04-22,25,0.986,0.532,47.754
LOT123,W02,-10,-3,2,20,2026-04-22,25,1.02,0.519,52.667
LOT123,W02,-10,-2,2,20,2026-04-22,25,1.148,0.512,39.518
LOT123,W02,-10,-1,3,40,2026-04-22,25,1.032,0.515,52.117
LOT123,W02,-10,0,1,10,2026-04-22,25,1.129,0.529,47.733
LOT123,W02,-10,1,2,20,2026-04-22,25,1.002,0.52,48.302
LOT123,W02,-10,2,1,10,2026-04-22,25,1.056,0.514,44.435
LOT123,W02,-10,3,1,10,2026-04-22,25,1.085,0.528,54.33
LOT123,W02,-10,4,1,10,2026-04-22,25,0.949,0.518,65.524
LOT123,W02,-10,5,1,10,2026-04-22,25,1.018,0.541,76.667
LOT123,W02,-9,-5,1,10,2026-04-22,25,0.963,0.539,52.573
LOT123,W02,-9,-4,1,10,2026-04-22,25,1.105,0.537,58.126
LOT123,W02,-9,-3,1,10,2026-04-22,25,0.995,0.518,36.222
LOT123,W02,-9,-2,1,10,2026-04-22,25,1.137,0.528,44.359
LOT123,W02,-9,-1,4,45,2026-04-22,25,1.175,0.504,33.595
LOT123,W02,-9,0,1,10,2026-04-22,25,1.115,0.517,36.352
LOT123,W02,-9,1,1,10,2026-04-22,25,1.147,0.516,40.0
LOT123,W02,-9,2,1,10,2026-04-22,25,1.06,0.502,46.822
LOT123,W02,-9,3,1,10,2026-04-22,25,1.122,0.527,38.105
LOT123,W02,-9,4,1,10,2026-04-22,25,1.006,0.513,47.662
LOT123,W02,-9,5,1,10,2026-04-22,25,1.068,0.539,49.589
LOT123,W02,-8,-6,2,20,2026-04-22,25,0.982,0.541,56.302
LOT123,W02,-8,-5,1,10,2026-04-22,25,1.118,0.513,48.588
LOT123,W02,-8,-4,1,10,2026-04-22,25,1.018,0.518,38.794
LOT123,W02,-8,-3,3,40,2026-04-22,25,1.125,0.509,33.432
LOT123,W02,-8,-2,1,10,2026-04-22,25,1.1,0.496,39.114
LOT123,W02,-8,-1,2,20,2026-04-22,25,1.169,0.499,33.728
LOT123,W02,-8,0,1,10,2026-04-22,25,1.114,0.515,26.386
LOT123,W02,-8,1,1,10,2026-04-22,25,1.244,0.513,27.619
LOT123,W02,-8,2,1,10,2026-04-22,25,1.2,0.519,40.053
LOT123,W02,-8,3,1,10,2026-04-22,25,1.13,0.504,40.938
LOT123,W02,-8,4,3,40,2026-04-22,25,1.059,0.524,47.716
LOT123,W02,-8,5,2,20,2026-04-22,25,1.042,0.524,46.198
LOT123,W02,-8,6,3,40,2026-04-22,25,1.077,0.538,54.966
LOT123,W02,-7,-6,1,10,2026-04-22,25,1.005,0.536,46.126
LOT123,W02,-7,-5,1,10,2026-04-22,25,1.016,0.529,45.767
LOT123,W02,-7,-4,4,45,2026-04-22,25,1.193,0.513,40.778
LOT123,W02,-7,-3,1,10,2026-04-22,25,1.168,0.512,31.847
LOT123,W02,-7,-2,1,10,2026-04-22,25,1.15,0.488,33.293
LOT123,W02,-7,-1,1,10,2026-04-22,25,1.23,0.493,28.863
LOT123,W02,-7,0,1,10,2026-04-22,25,1.272,0.505,28.747
LOT123,W02,-7,1,1,10,2026-04-22,25,1.112,0.51,24.37
LOT123,W02,-7,2,1,10,2026-04-22,25,1.22,0.516,25.045
LOT123,W02,-7,3,1,10,2026-04-22,25,1.201,0.505,38.797
LOT123,W02,-7,4,1,10,2026-04-22,25,1.049,0.525,34.827
LOT123,W02,-7,5,1,10,2026-04-22,25,1.156,0.519,49.679
LOT123,W02,-7,6,1,10,2026-04-22,25,1.079,0.525,46.608
LOT123,W02,-6,-7,3,40,2026-04-22,25,0.912,0.53,71.319
LOT123,W02,-6,-6,1,10,2026-04-22,25,1.03,0.528,56.413
LOT123,W02,-6,-5,1,10,2026-04-22,25,1.144,0.513,35.437
LOT123,W02,-6,-4,1,10,2026-04-22,25,1.192,0.519,36.917
LOT123,W02,-6,-3,1,10,2026-04-22,25,1.101,0.492,27.303
LOT123,W02,-6,-2,1,10,2026-04-22,25,1.297,0.509,19.931
LOT123,W02,-6,-1,1,10,2026-04-22,25,1.312,0.499,18.536
LOT123,W02,-6,0,1,10,2026-04-22,25,1.311,0.492,21.993
LOT123,W02,-6,1,1,10,2026-04-22,25,1.233,0.479,20.826
LOT123,W02,-6,2,1,10,2026-04-22,25,1.223,0.503,27.053
LOT123,W02,-6,3,1,10,2026-04-22,25,1.27,0.505,32.687
LOT123,W02,-6,4,1,10,2026-04-22,25,1.078,0.505,33.146
LOT123,W02,-6,5,1,10,2026-04-22,25,1.129,0.508,44.774
LOT123,W02,-6,6,1,10,2026-04-22,25,1.085,0.535,48.34
LOT123,W02,-6,7,2,20,2026-04-22,25,1.071,0.544,59.968
LOT123,W02,-5,-7,1,10,2026-04-22,25,1.085,0.519,54.589
LOT123,W02,-5,-6,1,10,2026-04-22,25,1.078,0.51,44.635
LOT123,W02,-5,-5,1,10,2026-04-22,25,1.065,0.507,43.379
LOT123,W02,-5,-4,2,20,2026-04-22,25,1.138,0.517,29.01
LOT123,W02,-5,-3,1,10,2026-04-22,25,1.225,0.505,24.975
LOT123,W02,-5,-2,1,10,2026-04-22,25,1.221,0.477,18.001
LOT123,W02,-5,-1,1,10,2026-04-22,25,1.241,0.497,17.016
LOT123,W02,-5,0,1,10,2026-04-22,25,1.232,0.481,19.668
LOT123,W02,-5,1,1,10,2026-04-22,25,1.346,0.487,22.022
LOT123,W02,-5,2,1,10,2026-04-22,25,1.249,0.497,24.302
LOT123,W02,-5,3,1,10,2026-04-22,25,1.186,0.496,21.531
LOT123,W02,-5,4,4,45,2026-04-22,25,1.206,0.507,35.056
LOT123,W02,-5,5,1,10,2026-04-22,25,1.033,0.515,31.75
LOT123,W02,-5,6,1,10,2026-04-22,25,0.999,0.513,44.829
LOT123,W02,-5,7,4,45,2026-04-22,25,1.022,0.531,56.902
LOT123,W02,-4,-7,1,10,2026-04-22,25,0.96,0.539,43.094
LOT123,W02,-4,-6,4,45,2026-04-22,25,1.006,0.514,36.603
LOT123,W02,-4,-5,1,10,2026-04-22,25,1.174,0.499,33.972
LOT123,W02,-4,-4,1,10,2026-04-22,25,1.236,0.512,25.449
LOT123,W02,-4,-3,1,10,2026-04-22,25,1.313,0.492,25.294
LOT123,W02,-4,-2,1,10,2026-04-22,25,1.35,0.498,17.336
LOT123,W02,-4,-1,1,10,2026-04-22,25,1.362,0.48,17.733
LOT123,W02,-4,0,3,40,2026-04-22,25,1.391,0.467,12.869
LOT123,W02,-4,1,1,10,2026-04-22,25,1.344,0.488,16.273
LOT123,W02,-4,2,1,10,2026-04-22,25,1.355,0.47,17.372
LOT123,W02,-4,3,3,40,2026-04-22,25,1.205,0.481,19.737
LOT123,W02,-4,4,1,10,2026-04-22,25,1.241,0.503,27.817
LOT123,W02,-4,5,1,10,2026-04-22,25,1.127,0.518,33.871
LOT123,W02,-4,6,1,10,2026-04-22,25,1.154,0.513,36.532
LOT123,W02,-4,7,1,10,2026-04-22,25,1.014,0.516,47.609
LOT123,W02,-3,-8,3,40,2026-04-22,25,0.912,0.525,70.28
LOT123,W02,-3,-7,2,20,2026-04-22,25,1.023,0.535,47.9
LOT123,W02,-3,-6,1,10,2026-04-22,25,1.151,0.511,41.768
LOT123,W02,-3,-5,1,10,2026-04-22,25,1.211,0.499,32.006
LOT123,W02,-3,-4,1,10,2026-04-22,25,1.269,0.503,22.921
LOT123,W02,-3,-3,1,10,2026-04-22,25,1.332,0.488,19.823
LOT123,W02,-3,-2,1,10,2026-04-22,25,1.295,0.483,17.067
LOT123,W02,-3,-1,1,10,2026-04-22,25,1.376,0.479,11.281
LOT123,W02,-3,0,1,10,2026-04-22,25,1.298,0.457,10.6
LOT123,W02,-3,1,1,10,2026-04-22,25,1.351,0.46,16.364
LOT123,W02,-3,2,1,10,2026-04-22,25,1.305,0.482,14.392
LOT123,W02,-3,3,1,10,2026-04-22,25,1.186,0.483,17.104
LOT123,W02,-3,4,1,10,2026-04-22,25,1.307,0.49,24.683
LOT123,W02,-3,5,1,10,2026-04-22,25,1.154,0.502,26.231
LOT123,W02,-3,6,1,10,2026-04-22,25,1.072,0.511,40.447
LOT123,W02,-3,7,1,10,2026-04-22,25,1.029,0.531,57.448
LOT123,W02,-3,8,1,10,2026-04-22,25,0.903,0.522,69.361
LOT123,W02,-2,-8,1,10,2026-04-22,25,0.956,0.527,56.748
LOT123,W02,-2,-7,2,20,2026-04-22,25,1.058,0.517,52.342
LOT123,W02,-2,-6,3,40,2026-04-22,25,1.166,0.524,36.608
LOT123,W02,-2,-5,1,10,2026-04-22,25,1.21,0.491,26.889
LOT123,W02,-2,-4,1,10,2026-04-22,25,1.192,0.483,26.016
LOT123,W02,-2,-3,1,10,2026-04-22,25,1.271,0.487,21.317
LOT123,W02,-2,-2,1,10,2026-04-22,25,1.322,0.476,13.434
LOT123,W02,-2,-1,1,10,2026-04-22,25,1.396,0.474,9.903
LOT123,W02,-2,0,1,10,2026-04-22,25,1.396,0.451,11.13
LOT123,W02,-2,1,1,10,2026-04-22,25,1.441,0.472,9.763
LOT123,W02,-2,2,1,10,2026-04-22,25,1.335,0.473,11.868
LOT123,W02,-2,3,1,10,2026-04-22,25,1.257,0.486,17.359
LOT123,W02,-2,4,1,10,2026-04-22,25,1.17,0.486,25.251
LOT123,W02,-2,5,2,20,2026-04-22,25,1.182,0.498,32.041
LOT123,W02,-2,6,1,10,2026-04-22,25,1.026,0.512,33.409
LOT123,W02,-2,7,1,10,2026-04-22,25,1.0,0.53,56.55
LOT123,W02,-2,8,2,20,2026-04-22,25,0.996,0.54,61.224
LOT123,W02,-1,-8,4,45,2026-04-22,25,0.918,0.531,69.53
LOT123,W02,-1,-7,1,10,2026-04-22,25,1.009,0.52,55.896
LOT123,W02,-1,-6,1,10,2026-04-22,25,1.177,0.524,40.005
LOT123,W02,-1,-5,1,10,2026-04-22,25,1.139,0.489,25.268
LOT123,W02,-1,-4,1,10,2026-04-22,25,1.309,0.488,22.608
LOT123,W02,-1,-3,1,10,2026-04-22,25,1.3,0.474,14.663
LOT123,W02,-1,-2,1,10,2026-04-22,25,1.383,0.484,11.737
LOT123,W02,-1,-1,1,10,2026-04-22,25,1.494,0.465,11.816
LOT123,W02,-1,0,1,10,2026-04-22,25,1.481,0.456,9.293
LOT123,W02,-1,1,1,10,2026-04-22,25,1.448,0.462,10.93
LOT123,W02,-1,2,4,45,2026-04-22,25,1.445,0.468,14.697
LOT123,W02,-1,3,1,10,2026-04-22,25,1.279,0.482,16.563
LOT123,W02,-1,4,1,10,2026-04-22,25,1.208,0.491,21.926
LOT123,W02,-1,5,1,10,2026-04-22,25,1.204,0.503,23.449
LOT123,W02,-1,6,1,10,2026-04-22,25,1.171,0.524,39.895
LOT123,W02,-1,7,1,10,2026-04-22,25,1.087,0.534,38.618
LOT123,W02,-1,8,2,20,2026-04-22,25,1.013,0.523,63.393
LOT123,W02,0,-8,1,10,2026-04-22,25,0.952,0.54,56.324
LOT123,W02,0,-7,1,10,2026-04-22,25,1.091,0.524,51.895
LOT123,W02,0,-6,2,20,2026-04-22,25,1.037,0.502,29.032
LOT123,W02,0,-5,1,10,2026-04-22,25,1.168,0.496,26.877
LOT123,W02,0,-4,1,10,2026-04-22,25,1.27,0.485,21.433
LOT123,W02,0,-3,1,10,2026-04-22,25,1.324,0.473,13.663
LOT123,W02,0,-2,1,10,2026-04-22,25,1.302,0.462,12.572
LOT123,W02,0,-1,2,20,2026-04-22,25,1.469,0.472,11.289
LOT123,W02,0,0,1,10,2026-04-22,25,1.442,0.44,7.843
LOT123,W02,0,1,1,10,2026-04-22,25,1.463,0.461,10.641
LOT123,W02,0,2,1,10,2026-04-22,25,1.418,0.472,12.239
LOT123,W02,0,3,4,45,2026-04-22,25,1.247,0.491,16.469
LOT123,W02,0,4,2,20,2026-04-22,25,1.327,0.481,23.988
LOT123,W02,0,5,3,40,2026-04-22,25,1.199,0.506,27.786
LOT123,W02,0,6,1,10,2026-04-22,25,1.164,0.516,38.689
LOT123,W02,0,7,1,10,2026-04-22,25,1.029,0.524,37.943
LOT123,W02,0,8,1,10,2026-04-22,25,1.005,0.539,70.782
LOT123,W02,1,-8,1,10,2026-04-22,25,1.015,0.533,66.951
LOT123,W02,1,-7,1,10,2026-04-22,25,1.032,0.513,54.472
LOT123,W02,1,-6,1,10,2026-04-22,25,1.184,0.51,29.37
LOT123,W02,1,-5,1,10,2026-04-22,25,1.242,0.507,29.566
LOT123,W02,1,-4,4,45,2026-04-22,25,1.214,0.493,20.136
LOT123,W02,1,-3,1,10,2026-04-22,25,1.259,0.488,19.663
LOT123,W02,1,-2,1,10,2026-04-22,25,1.453,0.467,11.254
LOT123,W02,1,-1,4,45,2026-04-22,25,1.367,0.45,9.568
LOT123,W02,1,0,2,20,2026-04-22,25,1.375,0.448,10.418
LOT123,W02,1,1,1,10,2026-04-22,25,1.444,0.476,11.58
LOT123,W02,1,2,1,10,2026-04-22,25,1.448,0.467,10.99
LOT123,W02,1,3,1,10,2026-04-22,25,1.299,0.474,15.786
LOT123,W02,1,4,1,10,2026-04-22,25,1.228,0.488,26.116
LOT123,W02,1,5,1,10,2026-04-22,25,1.094,0.51,28.184
LOT123,W02,1,6,1,10,2026-04-22,25,1.199,0.503,38.951
LOT123,W02,1,7,3,40,2026-04-22,25,1.019,0.529,39.684
LOT123,W02,1,8,1,10,2026-04-22,25,1.082,0.527,62.415
LOT123,W02,2,-8,1,10,2026-04-22,25,0.99,0.542,70.382
LOT123,W02,2,-7,1,10,2026-04-22,25,1.058,0.516,45.217
LOT123,W02,2,-6,1,10,2026-04-22,25,1.162,0.517,38.371
LOT123,W02,2,-5,3,40,2026-04-22,25,1.222,0.516,25.377
LOT123,W02,2,-4,1,10,2026-04-22,25,1.323,0.503,26.331
LOT123,W02,2,-3,4,45,2026-04-22,25,1.336,0.478,16.681
LOT123,W02,2,-2,1,10,2026-04-22,25,1.392,0.482,17.257
LOT123,W02,2,-1,1,10,2026-04-22,25,1.412,0.459,12.514
LOT123,W02,2,0,1,10,2026-04-22,25,1.46,0.471,10.482
LOT123,W02,2,1,1,10,2026-04-22,25,1.426,0.468,11.032
LOT123,W02,2,2,1,10,2026-04-22,25,1.347,0.467,16.06
LOT123,W02,2,3,1,10,2026-04-22,25,1.257,0.479,18.255
LOT123,W02,2,4,1,10,2026-04-22,25,1.295,0.486,19.518
LOT123,W02,2,5,1,10,2026-04-22,25,1.25,0.507,33.317
LOT123,W02,2,6,1,10,2026-04-22,25,1.111,0.521,44.961
LOT123,W02,2,7,1,10,2026-04-22,25,0.978,0.516,48.453
LOT123,W02,2,8,2,20,2026-04-22,25,0.97,0.539,70.125
LOT123,W02,3,-8,3,40,2026-04-22,25,1.031,0.542,66.686
LOT123,W02,3,-7,2,20,2026-04-22,25,1.038,0.534,50.94
LOT123,W02,3,-6,1,10,2026-04-22,25,1.081,0.522,37.174
LOT123,W02,3,-5,1,10,2026-04-22,25,1.093,0.498,35.939
LOT123,W02,3,-4,1,10,2026-04-22,25,1.182,0.5,21.573
LOT123,W02,3,-3,1,10,2026-04-22,25,1.247,0.5,23.729
LOT123,W02,3,-2,1,10,2026-04-22,25,1.285,0.47,17.321
LOT123,W02,3,-1,2,20,2026-04-22,25,1.422,0.467,15.69
LOT123,W02,3,0,4,45,2026-04-22,25,1.46,0.459,12.173
LOT123,W02,3,1,2,20,2026-04-22,25,1.395,0.465,14.801
LOT123,W02,3,2,1,10,2026-04-22,25,1.311,0.466,16.194
LOT123,W02,3,3,1,10,2026-04-22,25,1.325,0.498,23.083
LOT123,W02,3,4,1,10,2026-04-22,25,1.283,0.509,27.792
LOT123,W02,3,5,1,10,2026-04-22,25,1.182,0.506,28.937
LOT123,W02,3,6,1,10,2026-04-22,25,1.184,0.52,32.692
LOT123,W02,3,7,1,10,2026-04-22,25,1.066,0.512,57.265
LOT123,W02,3,8,3,40,2026-04-22,25,0.975,0.536,59.292
LOT123,W02,4,-7,2,20,2026-04-22,25,0.98,0.523,45.797
LOT123,W02,4,-6,1,10,2026-04-22,25,1.005,0.531,48.921
LOT123,W02,4,-5,1,10,2026-04-22,25,1.194,0.514,26.86
LOT123,W02,4,-4,3,40,2026-04-22,25,1.235,0.508,21.64
LOT123,W02,4,-3,1,10,2026-04-22,25,1.295,0.477,25.069
LOT123,W02,4,-2,1,10,2026-04-22,25,1.203,0.491,20.328
LOT123,W02,4,-1,1,10,2026-04-22,25,1.365,0.475,16.284
LOT123,W02,4,0,1,10,2026-04-22,25,1.296,0.48,15.118
LOT123,W02,4,1,1,10,2026-04-22,25,1.272,0.481,13.481
LOT123,W02,4,2,1,10,2026-04-22,25,1.256,0.486,15.252
LOT123,W02,4,3,1,10,2026-04-22,25,1.3,0.5,20.963
LOT123,W02,4,4,1,10,2026-04-22,25,1.253,0.498,30.392
LOT123,W02,4,5,1,10,2026-04-22,25,1.073,0.497,39.237
LOT123,W02,4,6,1,10,2026-04-22,25,1.176,0.52,34.341
LOT123,W02,4,7,2,20,2026-04-22,25,1.027,0.522,52.259
LOT123,W02,5,-7,3,40,2026-04-22,25,0.974,0.542,67.274
LOT123,W02,5,-6,4,45,2026-04-22,25,1.034,0.519,45.026
LOT123,W02,5,-5,1,10,2026-04-22,25,1.091,0.519,31.246
LOT123,W02,5,-4,1,10,2026-04-22,25,1.246,0.514,24.668
LOT123,W02,5,-3,1,10,2026-04-22,25,1.141,0.493,26.481
LOT123,W02,5,-2,1,10,2026-04-22,25,1.202,0.494,17.529
LOT123,W02,5,-1,2,20,2026-04-22,25,1.208,0.49,20.645
LOT123,W02,5,0,1,10,2026-04-22,25,1.203,0.491,19.531
LOT123,W02,5,1,1,10,2026-04-22,25,1.225,0.493,18.142
LOT123,W02,5,2,1,10,2026-04-22,25,1.289,0.492,18.959
LOT123,W02,5,3,1,10,2026-04-22,25,1.138,0.494,27.733
LOT123,W02,5,4,2,20,2026-04-22,25,1.155,0.516,29.03
LOT123,W02,5,5,1,10,2026-04-22,25,1.078,0.501,40.242
LOT123,W02,5,6,1,10,2026-04-22,25,1.019,0.532,45.327
LOT123,W02,5,7,1,10,2026-04-22,25,1.082,0.521,49.346
LOT123,W02,6,-7,1,10,2026-04-22,25,0.995,0.527,52.929
LOT123,W02,6,-6,2,20,2026-04-22,25,0.974,0.518,42.601
LOT123,W02,6,-5,4,45,2026-04-22,25,1.09,0.501,45.407
LOT123,W02,6,-4,1,10,2026-04-22,25,1.077,0.518,28.802
LOT123,W02,6,-3,1,10,2026-04-22,25,1.24,0.488,32.06
LOT123,W02,6,-2,1,10,2026-04-22,25,1.139,0.505,24.074
LOT123,W02,6,-1,1,10,2026-04-22,25,1.237,0.483,25.276
LOT123,W02,6,0,1,10,2026-04-22,25,1.284,0.493,19.248
LOT123,W02,6,1,1,10,2026-04-22,25,1.217,0.499,21.514
LOT123,W02,6,2,3,40,2026-04-22,25,1.295,0.485,24.539
LOT123,W02,6,3,1,10,2026-04-22,25,1.18,0.495,23.947
LOT123,W02,6,4,1,10,2026-04-22,25,1.179,0.51,33.646
LOT123,W02,6,5,1,10,2026-04-22,25,1.122,0.526,32.221
LOT123,W02,6,6,1,10,2026-04-22,25,1.058,0.537,39.993
LOT123,W02,6,7,1,10,2026-04-22,25,1.009,0.532,64.567
LOT123,W02,7,-6,1,10,2026-04-22,25,0.956,0.524,46.892
LOT123,W02,7,-5,1,10,2026-04-22,25,1.061,0.526,38.256
LOT123,W02,7,-4,4,45,2026-04-22,25,1.1,0.513,35.721
LOT123,W02,7,-3,1,10,2026-04-22,25,1.13,0.494,27.154
LOT123,W02,7,-2,1,10,2026-04-22,25,1.166,0.516,27.737
LOT123,W02,7,-1,1,10,2026-04-22,25,1.238,0.492,27.73
LOT123,W02,7,0,1,10,2026-04-22,25,1.235,0.484,25.505
LOT123,W02,7,1,1,10,2026-04-22,25,1.258,0.486,27.223
LOT123,W02,7,2,1,10,2026-04-22,25,1.097,0.498,23.978
LOT123,W02,7,3,2,20,2026-04-22,25,1.08,0.516,30.193
LOT123,W02,7,4,2,20,2026-04-22,25,1.105,0.525,33.94
LOT123,W02,7,5,1,10,2026-04-22,25,1.124,0.513,51.662
LOT123,W02,7,6,1,10,2026-04-22,25,0.997,0.539,44.585
LOT123,W02,8,-6,2,20,2026-04-22,25,1.082,0.535,57.946
LOT123,W02,8,-5,1,10,2026-04-22,25,1.071,0.525,51.682
LOT123,W02,8,-4,1,10,2026-04-22,25,1.159,0.514,38.118
LOT123,W02,8,-3,2,20,2026-04-22,25,1.109,0.512,36.804
LOT123,W02,8,-2,1,10,2026-04-22,25,1.167,0.522,38.61
LOT123,W02,8,-1,1,10,2026-04-22,25,1.221,0.51,27.822
LOT123,W02,8,0,3,40,2026-04-22,25,1.162,0.508,31.244
LOT123,W02,8,1,1,10,2026-04-22,25,1.127,0.505,30.372
LOT123,W02,8,2,1,10,2026-04-22,25,1.174,0.517,36.735
LOT123,W02,8,3,3,40,2026-04-22,25,1.133,0.524,29.925
LOT123,W02,8,4,1,10,2026-04-22,25,0.996,0.524,41.942
LOT123,W02,8,5,1,10,2026-04-22,25,1.093,0.512,53.004
LOT123,W02,8,6,1,10,2026-04-22,25,1.001,0.539,53.997
LOT123,W02,9,-5,1,10,2026-04-22,25,1.03,0.523,47.758
LOT123,W02,9,-4,1,10,2026-04-22,25,1.118,0.532,47.209
LOT123,W02,9,-3,1,10,2026-04-22,25,1.156,0.514,41.652
LOT123,W02,9,-2,1,10,2026-04-22,25,1.025,0.527,36.671
LOT123,W02,9,-1,1,10,2026-04-22,25,1.069,0.516,42.164
LOT123,W02,9,0,1,10,2026-04-22,25,1.06,0.515,41.651
LOT123,W02,9,1,1,10,2026-04-22,25,1.032,0.521,30.892
LOT123,W02,9,2,2,20,2026-04-22,25,1.187,0.502,31.94
LOT123,W02,9,3,2,20,2026-04-22,25,1.142,0.505,38.562
LOT123,W02,9,4,2,20,2026-04-22,25,0.998,0.511,45.387
LOT123,W02,9,5,1,10,2026-04-22,25,0.989,0.521,66.431
LOT123,W02,10,-5,1,10,2026-04-22,25,0.95,0.527,66.965
LOT123,W02,10,-4,1,10,2026-04-22,25,1.021,0.543,66.849
LOT123,W02,10,-3,1,10,2026-04-22,25,1.085,0.521,49.195
LOT123,W02,10,-2,1,10,2026-04-22,25,0.982,0.515,47.843
LOT123,W02,10,-1,1,10,2026-04-22,25,1.027,0.509,37.773
LOT123,W02,10,0,1,10,2026-04-22,25,1.066,0.528,43.414
LOT123,W02,10,1,1,10,2026-04-22,25,1.045,0.509,35.509
LOT123,W02,10,2,1,10,2026-04-22,25,1.027,0.519,55.011
LOT123,W02,10,3,1,10,2026-04-22,25,0.992,0.532,41.422
LOT123,W02,10,4,1,10,2026-04-22,25,0.949,0.525,55.708
LOT123,W02,10,5,1,10,2026-04-22,25,0.992,0.543,53.416
LOT123,W02,11,-3,1,10,2026-04-22,25,1.003,0.518,51.125
LOT123,W02,11,-2,1,10,2026-04-22,25,1.041,0.537,59.86
LOT123,W02,11,-1,1,10,2026-04-22,25,1.038,0.534,43.038
LOT123,W02,11,0,2,20,2026-04-22,25,1.086,0.512,42.818
LOT123,W02,11,1,1,10,2026-04-22,25,1.108,0.531,60.773
LOT123,W02,11,2,1,10,2026-04-22,25,1.093,0.53,54.827
LOT123,W02,11,3,1,10,2026-04-22,25,1.088,0.531,65.868
LOT123,W02,12,-2,1,10,2026-04-22,25,0.903,0.546,59.772
LOT123,W02,12,-1,1,10,2026-04-22,25,0.97,0.532,68.315
LOT123,W02,12,0,1,10,2026-04-22,25,0.973,0.533,62.491
LOT123,W02,12,1,1,10,2026-04-22,25,0.954,0.53,70.027
LOT123,W02,12,2,1,10,2026-04-22,25,0.928,0.525,74.443
LOT123,W03,-12,-2,1,10,2026-04-23,25,1.06,0.547,58.721
LOT123,W03,-12,-1,1,10,2026-04-23,25,0.987,0.532,66.133
LOT123,W03,-12,0,1,10,2026-04-23,25,1.011,0.52,67.104
LOT123,W03,-12,1,1,10,2026-04-23,25,0.939,0.534,68.831
LOT123,W03,-12,2,1,10,2026-04-23,25,1.051,0.545,58.253
LOT123,W03,-11,-3,1,10,2026-04-23,25,0.985,0.523,47.628
LOT123,W03,-11,-2,1,10,2026-04-23,25,1.013,0.533,51.261
LOT123,W03,-11,-1,1,10,2026-04-23,25,1.018,0.538,52.027
LOT123,W03,-11,0,1,10,2026-04-23,25,1.073,0.518,58.852
LOT123,W03,-11,1,2,20,2026-04-23,25,1.082,0.527,44.462
LOT123,W03,-11,2,3,40,2026-04-23,25,1.024,0.532,60.866
LOT123,W03,-11,3,1,10,2026-04-23,25,1.046,0.541,52.074
LOT123,W03,-10,-5,1,10,2026-04-23,25,1.02,0.542,62.31
LOT123,W03,-10,-4,1,10,2026-04-23,25,1.024,0.535,46.889
LOT123,W03,-10,-3,1,10,2026-04-23,25,1.088,0.535,45.981
LOT123,W03,-10,-2,1,10,2026-04-23,25,1.137,0.531,49.378
LOT123,W03,-10,-1,1,10,2026-04-23,25,1.164,0.523,37.062
LOT123,W03,-10,0,1,10,2026-04-23,25,1.112,0.529,45.525
LOT123,W03,-10,1,1,10,2026-04-23,25,1.04,0.521,42.677
LOT123,W03,-10,2,1,10,2026-04-23,25,1.021,0.534,47.301
LOT123,W03,-10,3,1,10,2026-04-23,25,1.093,0.528,42.549
LOT123,W03,-10,4,1,10,2026-04-23,25,0.945,0.52,52.238
LOT123,W03,-10,5,1,10,2026-04-23,25,0.982,0.545,77.107
LOT123,W03,-9,-5,1,10,2026-04-23,25,1.083,0.527,60.273
LOT123,W03,-9,-4,1,10,2026-04-23,25,0.984,0.51,42.447
LOT123,W03,-9,-3,2,20,2026-04-23,25,1.087,0.531,45.963
LOT123,W03,-9,-2,1,10,2026-04-23,25,1.018,0.503,43.643
LOT123,W03,-9,-1,1,10,2026-04-23,25,1.061,0.525,38.44
LOT123,W03,-9,0,1,10,2026-04-23,25,1.2,0.52,30.214
LOT123,W03,-9,1,1,10,2026-04-23,25,1.11,0.51,37.205
LOT123,W03,-9,2,1,10,2026-04-23,25,1.104,0.506,47.164
LOT123,W03,-9,3,1,10,2026-04-23,25,1.092,0.523,49.351
LOT123,W03,-9,4,1,10,2026-04-23,25,1.01,0.537,54.98
LOT123,W03,-9,5,1,10,2026-04-23,25,0.981,0.526,48.576
LOT123,W03,-8,-6,1,10,2026-04-23,25,1.068,0.531,69.281
LOT123,W03,-8,-5,1,10,2026-04-23,25,1.076,0.533,54.934
LOT123,W03,-8,-4,1,10,2026-04-23,25,1.159,0.508,47.869
LOT123,W03,-8,-3,1,10,2026-04-23,25,1.088,0.515,39.575
LOT123,W03,-8,-2,1,10,2026-04-23,25,1.183,0.505,31.503
LOT123,W03,-8,-1,1,10,2026-04-23,25,1.138,0.496,30.464
LOT123,W03,-8,0,1,10,2026-04-23,25,1.188,0.502,31.137
LOT123,W03,-8,1,1,10,2026-04-23,25,1.096,0.518,35.257
LOT123,W03,-8,2,1,10,2026-04-23,25,1.126,0.514,29.468
LOT123,W03,-8,3,1,10,2026-04-23,25,1.051,0.526,44.629
LOT123,W03,-8,4,1,10,2026-04-23,25,1.049,0.521,47.291
LOT123,W03,-8,5,2,20,2026-04-23,25,1.054,0.525,42.416
LOT123,W03,-8,6,1,10,2026-04-23,25,1.078,0.518,58.123
LOT123,W03,-7,-6,1,10,2026-04-23,25,0.958,0.541,45.57
LOT123,W03,-7,-5,1,10,2026-04-23,25,1.079,0.522,45.162
LOT123,W03,-7,-4,1,10,2026-04-23,25,1.102,0.511,43.754
LOT123,W03,-7,-3,1,10,2026-04-23,25,1.188,0.505,31.477
LOT123,W03,-7,-2,1,10,2026-04-23,25,1.187,0.508,30.828
LOT123,W03,-7,-1,1,10,2026-04-23,25,1.208,0.488,26.798
LOT123,W03,-7,0,1,10,2026-04-23,25,1.284,0.487,28.766
LOT123,W03,-7,1,1,10,2026-04-23,25,1.263,0.507,24.136
LOT123,W03,-7,2,1,10,2026-04-23,25,1.242,0.501,34.436
LOT123,W03,-7,3,1,10,2026-04-23,25,1.151,0.505,28.86
LOT123,W03,-7,4,1,10,2026-04-23,25,1.143,0.526,45.024
LOT123,W03,-7,5,1,10,2026-04-23,25,1.141,0.522,43.322
LOT123,W03,-7,6,1,10,2026-04-23,25,1.022,0.522,48.99
LOT123,W03,-6,-7,4,45,2026-04-23,25,0.956,0.527,52.836
LOT123,W03,-6,-6,1,10,2026-04-23,25,1.088,0.513,50.798
LOT123,W03,-6,-5,1,10,2026-04-23,25,1.078,0.527,35.952
LOT123,W03,-6,-4,2,20,2026-04-23,25,1.078,0.497,28.773
LOT123,W03,-6,-3,1,10,2026-04-23,25,1.246,0.513,23.459
LOT123,W03,-6,-2,1,10,2026-04-23,25,1.247,0.49,23.142
LOT123,W03,-6,-1,1,10,2026-04-23,25,1.326,0.483,22.065
LOT123,W03,-6,0,1,10,2026-04-23,25,1.282,0.5,23.941
LOT123,W03,-6,1,1,10,2026-04-23,25,1.166,0.494,20.657
LOT123,W03,-6,2,1,10,2026-04-23,25,1.284,0.495,28.761
LOT123,W03,-6,3,2,20,2026-04-23,25,1.205,0.488,23.922
LOT123,W03,-6,4,1,10,2026-04-23,25,1.112,0.517,33.566
LOT123,W03,-6,5,2,20,2026-04-23,25,1.011,0.514,40.148
LOT123,W03,-6,6,1,10,2026-04-23,25,0.974,0.521,46.052
LOT123,W03,-6,7,1,10,2026-04-23,25,0.971,0.537,57.433
LOT123,W03,-5,-7,1,10,2026-04-23,25,0.974,0.521,61.053
LOT123,W03,-5,-6,1,10,2026-04-23,25,1.006,0.525,49.721
LOT123,W03,-5,-5,1,10,2026-04-23,25,1.211,0.507,43.104
LOT123,W03,-5,-4,3,40,2026-04-23,25,1.216,0.496,25.245
LOT123,W03,-5,-3,1,10,2026-04-23,25,1.147,0.487,29.513
LOT123,W03,-5,-2,2,20,2026-04-23,25,1.259,0.479,18.25
LOT123,W03,-5,-1,1,10,2026-04-23,25,1.293,0.473,22.017
LOT123,W03,-5,0,1,10,2026-04-23,25,1.342,0.482,16.66
LOT123,W03,-5,1,1,10,2026-04-23,25,1.291,0.478,18.061
LOT123,W03,-5,2,1,10,2026-04-23,25,1.301,0.495,23.348
LOT123,W03,-5,3,1,10,2026-04-23,25,1.219,0.491,25.401
LOT123,W03,-5,4,1,10,2026-04-23,25,1.127,0.492,32.58
LOT123,W03,-5,5,4,45,2026-04-23,25,1.065,0.506,41.301
LOT123,W03,-5,6,1,10,2026-04-23,25,1.009,0.518,41.005
LOT123,W03,-5,7,1,10,2026-04-23,25,1.051,0.517,54.413
LOT123,W03,-4,-7,1,10,2026-04-23,25,1.108,0.535,61.389
LOT123,W03,-4,-6,1,10,2026-04-23,25,1.118,0.53,47.375
LOT123,W03,-4,-5,1,10,2026-04-23,25,1.23,0.513,30.953
LOT123,W03,-4,-4,1,10,2026-04-23,25,1.281,0.503,27.115
LOT123,W03,-4,-3,1,10,2026-04-23,25,1.281,0.504,25.156
LOT123,W03,-4,-2,1,10,2026-04-23,25,1.372,0.482,15.128
LOT123,W03,-4,-1,1,10,2026-04-23,25,1.238,0.466,15.075
LOT123,W03,-4,0,1,10,2026-04-23,25,1.393,0.47,13.661
LOT123,W03,-4,1,1,10,2026-04-23,25,1.255,0.468,15.853
LOT123,W03,-4,2,1,10,2026-04-23,25,1.331,0.481,15.322
LOT123,W03,-4,3,1,10,2026-04-23,25,1.264,0.505,22.47
LOT123,W03,-4,4,2,20,2026-04-23,25,1.141,0.491,23.803
LOT123,W03,-4,5,2,20,2026-04-23,25,1.212,0.507,38.232
LOT123,W03,-4,6,1,10,2026-04-23,25,1.16,0.525,43.781
LOT123,W03,-4,7,1,10,2026-04-23,25,1.106,0.524,53.432
LOT123,W03,-3,-8,1,10,2026-04-23,25,0.918,0.526,70.051
LOT123,W03,-3,-7,2,20,2026-04-23,25,1.032,0.522,56.615
LOT123,W03,-3,-6,1,10,2026-04-23,25,1.126,0.516,35.766
LOT123,W03,-3,-5,1,10,2026-04-23,25,1.179,0.499,31.518
LOT123,W03,-3,-4,2,20,2026-04-23,25,1.167,0.502,21.942
LOT123,W03,-3,-3,1,10,2026-04-23,25,1.259,0.493,23.681
LOT123,W03,-3,-2,1,10,2026-04-23,25,1.368,0.491,19.382
LOT123,W03,-3,-1,1,10,2026-04-23,25,1.298,0.476,12.918
LOT123,W03,-3,0,1,10,2026-04-23,25,1.387,0.463,15.081
LOT123,W03,-3,1,1,10,2026-04-23,25,1.35,0.476,12.751
LOT123,W03,-3,2,1,10,2026-04-23,25,1.276,0.481,17.563
LOT123,W03,-3,3,1,10,2026-04-23,25,1.211,0.5,20.571
LOT123,W03,-3,4,1,10,2026-04-23,25,1.259,0.509,21.253
LOT123,W03,-3,5,1,10,2026-04-23,25,1.229,0.506,37.067
LOT123,W03,-3,6,1,10,2026-04-23,25,1.085,0.502,38.305
LOT123,W03,-3,7,1,10,2026-04-23,25,1.1,0.516,40.954
LOT123,W03,-3,8,1,10,2026-04-23,25,0.965,0.536,57.054
LOT123,W03,-2,-8,1,10,2026-04-23,25,0.932,0.544,70.381
LOT123,W03,-2,-7,3,40,2026-04-23,25,1.107,0.536,49.944
LOT123,W03,-2,-6,1,10,2026-04-23,25,1.176,0.513,37.992
LOT123,W03,-2,-5,4,45,2026-04-23,25,1.092,0.495,26.906
LOT123,W03,-2,-4,1,10,2026-04-23,25,1.295,0.483,19.293
LOT123,W03,-2,-3,1,10,2026-04-23,25,1.22,0.488,17.307
LOT123,W03,-2,-2,1,10,2026-04-23,25,1.414,0.468,13.712
LOT123,W03,-2,-1,1,10,2026-04-23,25,1.357,0.461,11.01
LOT123,W03,-2,0,1,10,2026-04-23,25,1.434,0.466,10.212
LOT123,W03,-2,1,1,10,2026-04-23,25,1.473,0.458,11.085
LOT123,W03,-2,2,1,10,2026-04-23,25,1.383,0.478,14.457
LOT123,W03,-2,3,1,10,2026-04-23,25,1.349,0.494,20.092
LOT123,W03,-2,4,1,10,2026-04-23,25,1.169,0.502,26.48
LOT123,W03,-2,5,1,10,2026-04-23,25,1.259,0.506,27.762
LOT123,W03,-2,6,1,10,2026-04-23,25,1.124,0.517,30.759
LOT123,W03,-2,7,1,10,2026-04-23,25,1.088,0.518,53.494
LOT123,W03,-2,8,1,10,2026-04-23,25,0.932,0.539,62.485
LOT123,W03,-1,-8,1,10,2026-04-23,25,1.02,0.536,58.047
LOT123,W03,-1,-7,1,10,2026-04-23,25,1.004,0.526,56.407
LOT123,W03,-1,-6,2,20,2026-04-23,25,1.12,0.513,34.376
LOT123,W03,-1,-5,1,10,2026-04-23,25,1.224,0.513,30.132
LOT123,W03,-1,-4,4,45,2026-04-23,25,1.269,0.497,23.157
LOT123,W03,-1,-3,1,10,2026-04-23,25,1.291,0.472,15.577
LOT123,W03,-1,-2,1,10,2026-04-23,25,1.346,0.471,14.344
LOT123,W03,-1,-1,1,10,2026-04-23,25,1.445,0.449,10.869
LOT123,W03,-1,0,1,10,2026-04-23,25,1.483,0.462,8.715
LOT123,W03,-1,1,1,10,2026-04-23,25,1.489,0.45,12.526
LOT123,W03,-1,2,1,10,2026-04-23,25,1.432,0.47,14.731
LOT123,W03,-1,3,1,10,2026-04-23,25,1.259,0.468,16.031
LOT123,W03,-1,4,1,10,2026-04-23,25,1.242,0.479,23.867
LOT123,W03,-1,5,1,10,2026-04-23,25,1.246,0.493,26.641
LOT123,W03,-1,6,1,10,2026-04-23,25,1.1,0.512,33.935
LOT123,W03,-1,7,1,10,2026-04-23,25,1.031,0.526,50.506
LOT123,W03,-1,8,1,10,2026-04-23,25,0.942,0.518,63.666
LOT123,W03,0,-8,1,10,2026-04-23,25,0.959,0.539,58.583
LOT123,W03,0,-7,1,10,2026-04-23,25,1.019,0.508,55.303
LOT123,W03,0,-6,1,10,2026-04-23,25,1.176,0.506,37.708
LOT123,W03,0,-5,1,10,2026-04-23,25,1.266,0.51,25.878
LOT123,W03,0,-4,1,10,2026-04-23,25,1.261,0.495,21.967
LOT123,W03,0,-3,1,10,2026-04-23,25,1.322,0.479,19.148
LOT123,W03,0,-2,3,40,2026-04-23,25,1.296,0.463,15.739
LOT123,W03,0,-1,1,10,2026-04-23,25,1.481,0.448,11.08
LOT123,W03,0,0,1,10,2026-04-23,25,1.454,0.439,6.651
LOT123,W03,0,1,1,10,2026-04-23,25,1.399,0.471,12.138
LOT123,W03,0,2,1,10,2026-04-23,25,1.41,0.457,15.82
LOT123,W03,0,3,1,10,2026-04-23,25,1.279,0.486,16.452
LOT123,W03,0,4,1,10,2026-04-23,25,1.299,0.491,22.993
LOT123,W03,0,5,1,10,2026-04-23,25,1.235,0.491,24.421
LOT123,W03,0,6,1,10,2026-04-23,25,1.069,0.498,41.816
LOT123,W03,0,7,1,10,2026-04-23,25,1.133,0.529,41.709
LOT123,W03,0,8,1,10,2026-04-23,25,0.98,0.542,59.507
LOT123,W03,1,-8,1,10,2026-04-23,25,0.914,0.523,54.223
LOT123,W03,1,-7,1,10,2026-04-23,25,1.125,0.509,52.408
LOT123,W03,1,-6,1,10,2026-04-23,25,1.03,0.51,40.47
LOT123,W03,1,-5,1,10,2026-04-23,25,1.1,0.504,30.357
LOT123,W03,1,-4,1,10,2026-04-23,25,1.19,0.494,20.172
LOT123,W03,1,-3,1,10,2026-04-23,25,1.339,0.493,18.7
LOT123,W03,1,-2,1,10,2026-04-23,25,1.278,0.475,11.767
LOT123,W03,1,-1,1,10,2026-04-23,25,1.456,0.468,10.672
LOT123,W03,1,0,1,10,2026-04-23,25,1.438,0.467,11.026
LOT123,W03,1,1,3,40,2026-04-23,25,1.348,0.463,12.779
LOT123,W03,1,2,4,45,2026-04-23,25,1.287,0.47,14.933
LOT123,W03,1,3,1,10,2026-04-23,25,1.35,0.483,20.484
LOT123,W03,1,4,1,10,2026-04-23,25,1.185,0.49,23.729
LOT123,W03,1,5,1,10,2026-04-23,25,1.111,0.497,32.856
LOT123,W03,1,6,1,10,2026-04-23,25,1.038,0.501,29.4
LOT123,W03,1,7,1,10,2026-04-23,25,1.13,0.519,48.316
LOT123,W03,1,8,1,10,2026-04-23,25,1.034,0.518,59.492
LOT123,W03,2,-8,1,10,2026-04-23,25,0.963,0.526,59.654
LOT123,W03,2,-7,1,10,2026-04-23,25,0.994,0.531,49.117
LOT123,W03,2,-6,1,10,2026-04-23,25,1.036,0.506,36.201
LOT123,W03,2,-5,4,45,2026-04-23,25,1.137,0.507,33.091
LOT123,W03,2,-4,1,10,2026-04-23,25,1.312,0.494,20.135
LOT123,W03,2,-3,1,10,2026-04-23,25,1.357,0.49,16.044
LOT123,W03,2,-2,4,45,2026-04-23,25,1.328,0.488,15.356
LOT123,W03,2,-1,1,10,2026-04-23,25,1.343,0.454,14.57
LOT123,W03,2,0,1,10,2026-04-23,25,1.339,0.475,11.7
LOT123,W03,2,1,1,10,2026-04-23,25,1.358,0.471,11.078
LOT123,W03,2,2,1,10,2026-04-23,25,1.39,0.468,14.606
LOT123,W03,2,3,1,10,2026-04-23,25,1.212,0.485,18.176
LOT123,W03,2,4,1,10,2026-04-23,25,1.258,0.489,19.535
LOT123,W03,2,5,1,10,2026-04-23,25,1.177,0.506,29.726
LOT123,W03,2,6,1,10,2026-04-23,25,1.12,0.526,31.127
LOT123,W03,2,7,3,40,2026-04-23,25,1.058,0.519,50.68
LOT123,W03,2,8,1,10,2026-04-23,25,0.988,0.528,70.114
LOT123,W03,3,-8,3,40,2026-04-23,25,1.007,0.523,74.636
LOT123,W03,3,-7,1,10,2026-04-23,25,1.056,0.521,47.566
LOT123,W03,3,-6,1,10,2026-04-23,25,1.177,0.504,36.605
LOT123,W03,3,-5,1,10,2026-04-23,25,1.107,0.494,32.359
LOT123,W03,3,-4,1,10,2026-04-23,25,1.139,0.501,24.799
LOT123,W03,3,-3,1,10,2026-04-23,25,1.188,0.473,20.773
LOT123,W03,3,-2,1,10,2026-04-23,25,1.381,0.492,18.72
LOT123,W03,3,-1,1,10,2026-04-23,25,1.381,0.485,12.642
LOT123,W03,3,0,1,10,2026-04-23,25,1.392,0.465,15.247
LOT123,W03,3,1,1,10,2026-04-23,25,1.362,0.462,12.595
LOT123,W03,3,2,1,10,2026-04-23,25,1.407,0.48,14.562
LOT123,W03,3,3,1,10,2026-04-23,25,1.333,0.477,20.946
LOT123,W03,3,4,1,10,2026-04-23,25,1.146,0.482,27.384
LOT123,W03,3,5,1,10,2026-04-23,25,1.162,0.502,31.107
LOT123,W03,3,6,1,10,2026-04-23,25,1.051,0.506,39.33
LOT123,W03,3,7,1,10,2026-04-23,25,1.03,0.535,46.06
LOT123,W03,3,8,1,10,2026-04-23,25,0.923,0.532,61.799
LOT123,W03,4,-7,1,10,2026-04-23,25,0.952,0.538,48.191
LOT123,W03,4,-6,1,10,2026-04-23,25,1.045,0.512,38.74
LOT123,W03,4,-5,1,10,2026-04-23,25,1.075,0.522,38.005
LOT123,W03,4,-4,1,10,2026-04-23,25,1.177,0.496,31.319
LOT123,W03,4,-3,1,10,2026-04-23,25,1.166,0.481,25.059
LOT123,W03,4,-2,1,10,2026-04-23,25,1.314,0.476,17.5
LOT123,W03,4,-1,1,10,2026-04-23,25,1.315,0.481,19.262
LOT123,W03,4,0,1,10,2026-04-23,25,1.321,0.478,15.402
LOT123,W03,4,1,2,20,2026-04-23,25,1.241,0.478,17.805
LOT123,W03,4,2,1,10,2026-04-23,25,1.372,0.491,16.479
LOT123,W03,4,3,1,10,2026-04-23,25,1.331,0.479,24.404
LOT123,W03,4,4,1,10,2026-04-23,25,1.249,0.502,25.97
LOT123,W03,4,5,2,20,2026-04-23,25,1.21,0.504,33.522
LOT123,W03,4,6,1,10,2026-04-23,25,1.156,0.507,48.523
LOT123,W03,4,7,1,10,2026-04-23,25,1.108,0.54,47.543
LOT123,W03,5,-7,3,40,2026-04-23,25,1.001,0.521,58.056
LOT123,W03,5,-6,1,10,2026-04-23,25,1.13,0.518,53.824
LOT123,W03,5,-5,3,40,2026-04-23,25,1.045,0.522,42.196
LOT123,W03,5,-4,2,20,2026-04-23,25,1.244,0.508,28.776
LOT123,W03,5,-3,1,10,2026-04-23,25,1.301,0.483,20.061
LOT123,W03,5,-2,2,20,2026-04-23,25,1.174,0.486,20.799
LOT123,W03,5,-1,1,10,2026-04-23,25,1.239,0.479,19.667
LOT123,W03,5,0,2,20,2026-04-23,25,1.334,0.473,21.738
LOT123,W03,5,1,1,10,2026-04-23,25,1.288,0.472,15.735
LOT123,W03,5,2,1,10,2026-04-23,25,1.327,0.497,21.477
LOT123,W03,5,3,1,10,2026-04-23,25,1.204,0.509,24.901
LOT123,W03,5,4,1,10,2026-04-23,25,1.227,0.509,32.008
LOT123,W03,5,5,1,10,2026-04-23,25,1.163,0.519,38.136
LOT123,W03,5,6,1,10,2026-04-23,25,1.116,0.511,40.358
LOT123,W03,5,7,1,10,2026-04-23,25,0.993,0.516,63.803
LOT123,W03,6,-7,1,10,2026-04-23,25,0.956,0.546,50.83
LOT123,W03,6,-6,1,10,2026-04-23,25,1.083,0.512,48.198
LOT123,W03,6,-5,1,10,2026-04-23,25,1.019,0.512,43.446
LOT123,W03,6,-4,1,10,2026-04-23,25,1.15,0.496,30.837
LOT123,W03,6,-3,1,10,2026-04-23,25,1.176,0.501,22.795
LOT123,W03,6,-2,1,10,2026-04-23,25,1.15,0.484,22.726
LOT123,W03,6,-1,1,10,2026-04-23,25,1.215,0.503,23.555
LOT123,W03,6,0,1,10,2026-04-23,25,1.331,0.481,24.425
LOT123,W03,6,1,1,10,2026-04-23,25,1.159,0.479,26.107
LOT123,W03,6,2,1,10,2026-04-23,25,1.234,0.496,28.07
LOT123,W03,6,3,1,10,2026-04-23,25,1.187,0.507,31.218
LOT123,W03,6,4,1,10,2026-04-23,25,1.231,0.511,36.106
LOT123,W03,6,5,2,20,2026-04-23,25,1.16,0.509,36.247
LOT123,W03,6,6,1,10,2026-04-23,25,1.12,0.524,48.043
LOT123,W03,6,7,1,10,2026-04-23,25,0.952,0.541,56.522
LOT123,W03,7,-6,4,45,2026-04-23,25,1.004,0.514,57.373
LOT123,W03,7,-5,1,10,2026-04-23,25,1.054,0.51,36.586
LOT123,W03,7,-4,1,10,2026-04-23,25,1.157,0.521,39.719
LOT123,W03,7,-3,1,10,2026-04-23,25,1.091,0.504,30.416
LOT123,W03,7,-2,1,10,2026-04-23,25,1.092,0.502,26.801
LOT123,W03,7,-1,4,45,2026-04-23,25,1.229,0.493,25.425
LOT123,W03,7,0,1,10,2026-04-23,25,1.249,0.507,26.288
LOT123,W03,7,1,1,10,2026-04-23,25,1.154,0.491,23.341
LOT123,W03,7,2,1,10,2026-04-23,25,1.166,0.51,23.277
LOT123,W03,7,3,1,10,2026-04-23,25,1.123,0.518,35.251
LOT123,W03,7,4,2,20,2026-04-23,25,1.112,0.507,39.254
LOT123,W03,7,5,1,10,2026-04-23,25,1.043,0.525,44.601
LOT123,W03,7,6,1,10,2026-04-23,25,1.083,0.52,52.644
LOT123,W03,8,-6,1,10,2026-04-23,25,0.942,0.533,52.959
LOT123,W03,8,-5,1,10,2026-04-23,25,1.018,0.524,54.945
LOT123,W03,8,-4,1,10,2026-04-23,25,1.103,0.528,42.72
LOT123,W03,8,-3,2,20,2026-04-23,25,1.062,0.502,43.175
LOT123,W03,8,-2,2,20,2026-04-23,25,1.164,0.519,28.367
LOT123,W03,8,-1,1,10,2026-04-23,25,1.182,0.514,31.301
LOT123,W03,8,0,1,10,2026-04-23,25,1.077,0.516,36.496
LOT123,W03,8,1,1,10,2026-04-23,25,1.094,0.516,26.288
LOT123,W03,8,2,1,10,2026-04-23,25,1.066,0.509,30.028
LOT123,W03,8,3,1,10,2026-04-23,25,1.154,0.526,31.02
LOT123,W03,8,4,2,20,2026-04-23,25,0.99,0.528,42.914
LOT123,W03,8,5,1,10,2026-04-23,25,1.118,0.531,52.302
LOT123,W03,8,6,1,10,2026-04-23,25,1.004,0.534,55.082
LOT123,W03,9,-5,2,20,2026-04-23,25,1.04,0.53,53.26
LOT123,W03,9,-4,4,45,2026-04-23,25,1.048,0.533,40.548
LOT123,W03,9,-3,1,10,2026-04-23,25,0.992,0.508,41.965
LOT123,W03,9,-2,1,10,2026-04-23,25,1.146,0.519,40.007
LOT123,W03,9,-1,1,10,2026-04-23,25,1.155,0.523,41.856
LOT123,W03,9,0,2,20,2026-04-23,25,1.187,0.503,34.402
LOT123,W03,9,1,1,10,2026-04-23,25,1.154,0.513,41.251
LOT123,W03,9,2,1,10,2026-04-23,25,1.082,0.528,34.411
LOT123,W03,9,3,1,10,2026-04-23,25,1.081,0.526,48.251
LOT123,W03,9,4,2,20,2026-04-23,25,1.111,0.51,43.437
LOT123,W03,9,5,2,20,2026-04-23,25,0.99,0.526,47.595
LOT123,W03,10,-5,1,10,2026-04-23,25,0.957,0.542,76.464
LOT123,W03,10,-4,2,20,2026-04-23,25,1.058,0.519,63.2
LOT123,W03,10,-3,1,10,2026-04-23,25,1.077,0.52,40.903
LOT123,W03,10,-2,1,10,2026-04-23,25,1.0,0.513,54.74
LOT123,W03,10,-1,1,10,2026-04-23,25,1.112,0.505,41.696
LOT123,W03,10,0,1,10,2026-04-23,25,1.099,0.525,34.833
LOT123,W03,10,1,1,10,2026-04-23,25,1.043,0.521,45.197
LOT123,W03,10,2,1,10,2026-04-23,25,1.033,0.51,55.432
LOT123,W03,10,3,1,10,2026-04-23,25,1.022,0.515,55.419
LOT123,W03,10,4,1,10,2026-04-23,25,0.93,0.524,57.571
LOT123,W03,10,5,1,10,2026-04-23,25,1.048,0.542,61.427
LOT123,W03,11,-3,3,40,2026-04-23,25,0.948,0.543,62.877
LOT123,W03,11,-2,1,10,2026-04-23,25,1.016,0.514,45.95
LOT123,W03,11,-1,1,10,2026-04-23,25,0.994,0.517,48.701
LOT123,W03,11,0,1,10,2026-04-23,25,1.123,0.534,55.441
LOT123,W03,11,1,1,10,2026-04-23,25,1.03,0.513,41.471
LOT123,W03,11,2,2,20,2026-04-23,25,0.98,0.538,53.323
LOT123,W03,11,3,2,20,2026-04-23,25,1.038,0.538,68.796
LOT123,W03,12,-2,1,10,2026-04-23,25,1.012,0.532,62.752
LOT123,W03,12,-1,3,40,2026-04-23,25,0.989,0.546,54.144
LOT123,W03,12,0,4,45,2026-04-23,25,0.96,0.546,71.387
LOT123,W03,12,1,1,10,2026-04-23,25,0.983,0.525,62.867
LOT123,W03,12,2,4,45,2026-04-23,25,0.989,0.537,68.225
