LOT_ID,WAFER_ID,X_LOC,Y_LOC,HARD_BIN,TEST_NAME,RESULT
LOT123,W01,-8,-3,1,GAIN_DB,12.274
LOT123,W01,-8,-3,1,NF_DB,1.797
LOT123,W01,-8,-3,1,IP3_DBM,18.037
LOT123,W01,-8,-3,1,IDQ_MA,43.34
LOT123,W01,-8,-2,1,GAIN_DB,11.970
LOT123,W01,-8,-2,1,NF_DB,2.241
LOT123,W01,-8,-2,1,IP3_DBM,16.270
LOT123,W01,-8,-2,1,IDQ_MA,47.64
LOT123,W01,-8,-1,1,GAIN_DB,11.867
LOT123,W01,-8,-1,1,NF_DB,1.961
LOT123,W01,-8,-1,1,IP3_DBM,17.238
LOT123,W01,-8,-1,1,IDQ_MA,44.86
LOT123,W01,-8,0,1,GAIN_DB,12.851
LOT123,W01,-8,0,1,NF_DB,1.902
LOT123,W01,-8,0,1,IP3_DBM,16.922
LOT123,W01,-8,0,1,IDQ_MA,43.19
LOT123,W01,-8,1,1,GAIN_DB,12.168
LOT123,W01,-8,1,1,NF_DB,2.321
LOT123,W01,-8,1,1,IP3_DBM,18.458
LOT123,W01,-8,1,1,IDQ_MA,38.85
LOT123,W01,-8,2,1,GAIN_DB,11.516
LOT123,W01,-8,2,1,NF_DB,1.800
LOT123,W01,-8,2,1,IP3_DBM,16.575
LOT123,W01,-8,2,1,IDQ_MA,45.38
LOT123,W01,-8,3,1,GAIN_DB,13.171
LOT123,W01,-8,3,1,NF_DB,2.306
LOT123,W01,-8,3,1,IP3_DBM,18.445
LOT123,W01,-8,3,1,IDQ_MA,49.60
LOT123,W01,-7,-5,1,GAIN_DB,11.825
LOT123,W01,-7,-5,1,NF_DB,1.782
LOT123,W01,-7,-5,1,IP3_DBM,17.980
LOT123,W01,-7,-5,1,IDQ_MA,41.15
LOT123,W01,-7,-4,1,GAIN_DB,13.589
LOT123,W01,-7,-4,1,NF_DB,2.687
LOT123,W01,-7,-4,1,IP3_DBM,18.140
LOT123,W01,-7,-4,1,IDQ_MA,41.32
LOT123,W01,-7,-3,1,GAIN_DB,12.415
LOT123,W01,-7,-3,1,NF_DB,1.722
LOT123,W01,-7,-3,1,IP3_DBM,19.994
LOT123,W01,-7,-3,1,IDQ_MA,48.58
LOT123,W01,-7,-2,1,GAIN_DB,13.798
LOT123,W01,-7,-2,1,NF_DB,1.738
LOT123,W01,-7,-2,1,IP3_DBM,16.804
LOT123,W01,-7,-2,1,IDQ_MA,33.61
LOT123,W01,-7,-1,1,GAIN_DB,10.940
LOT123,W01,-7,-1,1,NF_DB,2.028
LOT123,W01,-7,-1,1,IP3_DBM,17.229
LOT123,W01,-7,-1,1,IDQ_MA,46.62
LOT123,W01,-7,0,1,GAIN_DB,12.068
LOT123,W01,-7,0,1,NF_DB,1.715
LOT123,W01,-7,0,1,IP3_DBM,17.242
LOT123,W01,-7,0,1,IDQ_MA,46.47
LOT123,W01,-7,1,1,GAIN_DB,11.889
LOT123,W01,-7,1,1,NF_DB,2.461
LOT123,W01,-7,1,1,IP3_DBM,17.885
LOT123,W01,-7,1,1,IDQ_MA,48.43
LOT123,W01,-7,2,1,GAIN_DB,13.124
LOT123,W01,-7,2,1,NF_DB,2.221
LOT123,W01,-7,2,1,IP3_DBM,21.671
LOT123,W01,-7,2,1,IDQ_MA,46.73
LOT123,W01,-7,3,1,GAIN_DB,13.521
LOT123,W01,-7,3,1,NF_DB,2.115
LOT123,W01,-7,3,1,IP3_DBM,19.467
LOT123,W01,-7,3,1,IDQ_MA,39.05
LOT123,W01,-7,4,1,GAIN_DB,12.609
LOT123,W01,-7,4,1,NF_DB,1.607
LOT123,W01,-7,4,1,IP3_DBM,18.693
LOT123,W01,-7,4,1,IDQ_MA,48.82
LOT123,W01,-7,5,1,GAIN_DB,12.059
LOT123,W01,-7,5,1,NF_DB,2.220
LOT123,W01,-7,5,1,IP3_DBM,17.368
LOT123,W01,-7,5,1,IDQ_MA,47.88
LOT123,W01,-6,-6,1,GAIN_DB,11.973
LOT123,W01,-6,-6,1,NF_DB,1.832
LOT123,W01,-6,-6,1,IP3_DBM,18.878
LOT123,W01,-6,-6,1,IDQ_MA,38.54
LOT123,W01,-6,-5,1,GAIN_DB,13.260
LOT123,W01,-6,-5,1,NF_DB,2.198
LOT123,W01,-6,-5,1,IP3_DBM,18.014
LOT123,W01,-6,-5,1,IDQ_MA,40.37
LOT123,W01,-6,-4,1,GAIN_DB,13.352
LOT123,W01,-6,-4,1,NF_DB,2.228
LOT123,W01,-6,-4,1,IP3_DBM,16.081
LOT123,W01,-6,-4,1,IDQ_MA,42.38
LOT123,W01,-6,-3,1,GAIN_DB,12.693
LOT123,W01,-6,-3,1,NF_DB,2.029
LOT123,W01,-6,-3,1,IP3_DBM,21.577
LOT123,W01,-6,-3,1,IDQ_MA,46.66
LOT123,W01,-6,-2,1,GAIN_DB,12.625
LOT123,W01,-6,-2,1,NF_DB,1.904
LOT123,W01,-6,-2,1,IP3_DBM,17.881
LOT123,W01,-6,-2,1,IDQ_MA,44.90
LOT123,W01,-6,-1,1,GAIN_DB,12.511
LOT123,W01,-6,-1,1,NF_DB,2.314
LOT123,W01,-6,-1,1,IP3_DBM,20.265
LOT123,W01,-6,-1,1,IDQ_MA,33.42
LOT123,W01,-6,0,1,GAIN_DB,12.178
LOT123,W01,-6,0,1,NF_DB,2.281
LOT123,W01,-6,0,1,IP3_DBM,19.454
LOT123,W01,-6,0,1,IDQ_MA,43.28
LOT123,W01,-6,1,1,GAIN_DB,11.862
LOT123,W01,-6,1,1,NF_DB,2.192
LOT123,W01,-6,1,1,IP3_DBM,17.759
LOT123,W01,-6,1,1,IDQ_MA,44.41
LOT123,W01,-6,2,1,GAIN_DB,12.702
LOT123,W01,-6,2,1,NF_DB,2.240
LOT123,W01,-6,2,1,IP3_DBM,17.853
LOT123,W01,-6,2,1,IDQ_MA,43.51
LOT123,W01,-6,3,1,GAIN_DB,11.850
LOT123,W01,-6,3,1,NF_DB,1.711
LOT123,W01,-6,3,1,IP3_DBM,19.890
LOT123,W01,-6,3,1,IDQ_MA,52.95
LOT123,W01,-6,4,1,GAIN_DB,12.983
LOT123,W01,-6,4,1,NF_DB,2.101
LOT123,W01,-6,4,1,IP3_DBM,17.315
LOT123,W01,-6,4,1,IDQ_MA,49.25
LOT123,W01,-6,5,1,GAIN_DB,13.477
LOT123,W01,-6,5,1,NF_DB,1.761
LOT123,W01,-6,5,1,IP3_DBM,18.427
LOT123,W01,-6,5,1,IDQ_MA,42.81
LOT123,W01,-6,6,1,GAIN_DB,12.732
LOT123,W01,-6,6,1,NF_DB,2.099
LOT123,W01,-6,6,1,IP3_DBM,16.760
LOT123,W01,-6,6,1,IDQ_MA,47.73
LOT123,W01,-5,-7,1,GAIN_DB,12.783
LOT123,W01,-5,-7,1,NF_DB,1.917
LOT123,W01,-5,-7,1,IP3_DBM,17.658
LOT123,W01,-5,-7,1,IDQ_MA,52.37
LOT123,W01,-5,-6,1,GAIN_DB,12.560
LOT123,W01,-5,-6,1,NF_DB,2.149
LOT123,W01,-5,-6,1,IP3_DBM,17.203
LOT123,W01,-5,-6,1,IDQ_MA,40.24
LOT123,W01,-5,-5,1,GAIN_DB,12.402
LOT123,W01,-5,-5,1,NF_DB,2.397
LOT123,W01,-5,-5,1,IP3_DBM,19.902
LOT123,W01,-5,-5,1,IDQ_MA,48.21
LOT123,W01,-5,-4,2,GAIN_DB,12.188
LOT123,W01,-5,-4,2,NF_DB,2.347
LOT123,W01,-5,-4,2,IP3_DBM,17.715
LOT123,W01,-5,-4,2,IDQ_MA,41.27
LOT123,W01,-5,-3,1,GAIN_DB,12.459
LOT123,W01,-5,-3,1,NF_DB,1.680
LOT123,W01,-5,-3,1,IP3_DBM,18.250
LOT123,W01,-5,-3,1,IDQ_MA,39.38
LOT123,W01,-5,-2,1,GAIN_DB,12.844
LOT123,W01,-5,-2,1,NF_DB,2.126
LOT123,W01,-5,-2,1,IP3_DBM,17.519
LOT123,W01,-5,-2,1,IDQ_MA,43.24
LOT123,W01,-5,-1,2,GAIN_DB,13.667
LOT123,W01,-5,-1,2,NF_DB,2.314
LOT123,W01,-5,-1,2,IP3_DBM,17.775
LOT123,W01,-5,-1,2,IDQ_MA,43.11
LOT123,W01,-5,0,1,GAIN_DB,12.461
LOT123,W01,-5,0,1,NF_DB,1.612
LOT123,W01,-5,0,1,IP3_DBM,18.036
LOT123,W01,-5,0,1,IDQ_MA,47.41
LOT123,W01,-5,1,1,GAIN_DB,12.409
LOT123,W01,-5,1,1,NF_DB,2.489
LOT123,W01,-5,1,1,IP3_DBM,15.770
LOT123,W01,-5,1,1,IDQ_MA,46.76
LOT123,W01,-5,2,1,GAIN_DB,13.085
LOT123,W01,-5,2,1,NF_DB,1.605
LOT123,W01,-5,2,1,IP3_DBM,18.074
LOT123,W01,-5,2,1,IDQ_MA,46.46
LOT123,W01,-5,3,1,GAIN_DB,13.065
LOT123,W01,-5,3,1,NF_DB,2.207
LOT123,W01,-5,3,1,IP3_DBM,17.043
LOT123,W01,-5,3,1,IDQ_MA,53.07
LOT123,W01,-5,4,1,GAIN_DB,12.117
LOT123,W01,-5,4,1,NF_DB,2.149
LOT123,W01,-5,4,1,IP3_DBM,19.127
LOT123,W01,-5,4,1,IDQ_MA,49.36
LOT123,W01,-5,5,1,GAIN_DB,12.869
LOT123,W01,-5,5,1,NF_DB,2.049
LOT123,W01,-5,5,1,IP3_DBM,18.222
LOT123,W01,-5,5,1,IDQ_MA,50.44
LOT123,W01,-5,6,1,GAIN_DB,12.210
LOT123,W01,-5,6,1,NF_DB,1.506
LOT123,W01,-5,6,1,IP3_DBM,16.556
LOT123,W01,-5,6,1,IDQ_MA,45.39
LOT123,W01,-5,7,1,GAIN_DB,11.137
LOT123,W01,-5,7,1,NF_DB,1.911
LOT123,W01,-5,7,1,IP3_DBM,16.692
LOT123,W01,-5,7,1,IDQ_MA,45.91
LOT123,W01,-4,-7,1,GAIN_DB,12.792
LOT123,W01,-4,-7,1,NF_DB,1.683
LOT123,W01,-4,-7,1,IP3_DBM,19.373
LOT123,W01,-4,-7,1,IDQ_MA,44.29
LOT123,W01,-4,-6,1,GAIN_DB,12.236
LOT123,W01,-4,-6,1,NF_DB,1.681
LOT123,W01,-4,-6,1,IP3_DBM,18.450
LOT123,W01,-4,-6,1,IDQ_MA,46.06
LOT123,W01,-4,-5,1,GAIN_DB,12.382
LOT123,W01,-4,-5,1,NF_DB,2.223
LOT123,W01,-4,-5,1,IP3_DBM,18.955
LOT123,W01,-4,-5,1,IDQ_MA,48.84
LOT123,W01,-4,-4,1,GAIN_DB,12.013
LOT123,W01,-4,-4,1,NF_DB,2.248
LOT123,W01,-4,-4,1,IP3_DBM,17.918
LOT123,W01,-4,-4,1,IDQ_MA,40.00
LOT123,W01,-4,-3,2,GAIN_DB,12.999
LOT123,W01,-4,-3,2,NF_DB,2.286
LOT123,W01,-4,-3,2,IP3_DBM,18.688
LOT123,W01,-4,-3,2,IDQ_MA,47.58
LOT123,W01,-4,-2,2,GAIN_DB,13.304
LOT123,W01,-4,-2,2,NF_DB,2.271
LOT123,W01,-4,-2,2,IP3_DBM,18.742
LOT123,W01,-4,-2,2,IDQ_MA,49.98
LOT123,W01,-4,-1,1,GAIN_DB,12.025
LOT123,W01,-4,-1,1,NF_DB,2.030
LOT123,W01,-4,-1,1,IP3_DBM,19.116
LOT123,W01,-4,-1,1,IDQ_MA,46.18
LOT123,W01,-4,0,1,GAIN_DB,12.418
LOT123,W01,-4,0,1,NF_DB,2.027
LOT123,W01,-4,0,1,IP3_DBM,17.563
LOT123,W01,-4,0,1,IDQ_MA,40.99
LOT123,W01,-4,1,1,GAIN_DB,12.486
LOT123,W01,-4,1,1,NF_DB,1.995
LOT123,W01,-4,1,1,IP3_DBM,21.387
LOT123,W01,-4,1,1,IDQ_MA,48.80
LOT123,W01,-4,2,1,GAIN_DB,12.352
LOT123,W01,-4,2,1,NF_DB,2.266
LOT123,W01,-4,2,1,IP3_DBM,15.967
LOT123,W01,-4,2,1,IDQ_MA,46.36
LOT123,W01,-4,3,1,GAIN_DB,11.965
LOT123,W01,-4,3,1,NF_DB,1.609
LOT123,W01,-4,3,1,IP3_DBM,17.806
LOT123,W01,-4,3,1,IDQ_MA,42.17
LOT123,W01,-4,4,1,GAIN_DB,11.844
LOT123,W01,-4,4,1,NF_DB,2.104
LOT123,W01,-4,4,1,IP3_DBM,18.844
LOT123,W01,-4,4,1,IDQ_MA,41.72
LOT123,W01,-4,5,1,GAIN_DB,13.237
LOT123,W01,-4,5,1,NF_DB,1.987
LOT123,W01,-4,5,1,IP3_DBM,17.627
LOT123,W01,-4,5,1,IDQ_MA,37.05
LOT123,W01,-4,6,1,GAIN_DB,13.467
LOT123,W01,-4,6,1,NF_DB,2.021
LOT123,W01,-4,6,1,IP3_DBM,18.785
LOT123,W01,-4,6,1,IDQ_MA,36.56
LOT123,W01,-4,7,1,GAIN_DB,12.781
LOT123,W01,-4,7,1,NF_DB,2.147
LOT123,W01,-4,7,1,IP3_DBM,17.375
LOT123,W01,-4,7,1,IDQ_MA,40.86
LOT123,W01,-3,-8,2,GAIN_DB,13.104
LOT123,W01,-3,-8,2,NF_DB,2.264
LOT123,W01,-3,-8,2,IP3_DBM,18.505
LOT123,W01,-3,-8,2,IDQ_MA,38.76
LOT123,W01,-3,-7,1,GAIN_DB,11.184
LOT123,W01,-3,-7,1,NF_DB,1.912
LOT123,W01,-3,-7,1,IP3_DBM,15.965
LOT123,W01,-3,-7,1,IDQ_MA,55.39
LOT123,W01,-3,-6,1,GAIN_DB,12.399
LOT123,W01,-3,-6,1,NF_DB,2.567
LOT123,W01,-3,-6,1,IP3_DBM,18.545
LOT123,W01,-3,-6,1,IDQ_MA,48.50
LOT123,W01,-3,-5,1,GAIN_DB,12.090
LOT123,W01,-3,-5,1,NF_DB,1.697
LOT123,W01,-3,-5,1,IP3_DBM,17.220
LOT123,W01,-3,-5,1,IDQ_MA,51.00
LOT123,W01,-3,-4,1,GAIN_DB,12.913
LOT123,W01,-3,-4,1,NF_DB,2.154
LOT123,W01,-3,-4,1,IP3_DBM,18.203
LOT123,W01,-3,-4,1,IDQ_MA,49.63
LOT123,W01,-3,-3,1,GAIN_DB,12.858
LOT123,W01,-3,-3,1,NF_DB,2.053
LOT123,W01,-3,-3,1,IP3_DBM,17.071
LOT123,W01,-3,-3,1,IDQ_MA,40.34
LOT123,W01,-3,-2,1,GAIN_DB,12.095
LOT123,W01,-3,-2,1,NF_DB,2.167
LOT123,W01,-3,-2,1,IP3_DBM,17.128
LOT123,W01,-3,-2,1,IDQ_MA,45.25
LOT123,W01,-3,-1,1,GAIN_DB,12.032
LOT123,W01,-3,-1,1,NF_DB,2.042
LOT123,W01,-3,-1,1,IP3_DBM,17.002
LOT123,W01,-3,-1,1,IDQ_MA,45.98
LOT123,W01,-3,0,1,GAIN_DB,12.018
LOT123,W01,-3,0,1,NF_DB,1.838
LOT123,W01,-3,0,1,IP3_DBM,18.087
LOT123,W01,-3,0,1,IDQ_MA,49.16
LOT123,W01,-3,1,1,GAIN_DB,12.588
LOT123,W01,-3,1,1,NF_DB,2.412
LOT123,W01,-3,1,1,IP3_DBM,16.839
LOT123,W01,-3,1,1,IDQ_MA,46.91
LOT123,W01,-3,2,2,GAIN_DB,11.890
LOT123,W01,-3,2,2,NF_DB,2.247
LOT123,W01,-3,2,2,IP3_DBM,16.386
LOT123,W01,-3,2,2,IDQ_MA,45.12
LOT123,W01,-3,3,1,GAIN_DB,12.644
LOT123,W01,-3,3,1,NF_DB,2.354
LOT123,W01,-3,3,1,IP3_DBM,17.895
LOT123,W01,-3,3,1,IDQ_MA,40.84
LOT123,W01,-3,4,1,GAIN_DB,12.492
LOT123,W01,-3,4,1,NF_DB,1.529
LOT123,W01,-3,4,1,IP3_DBM,19.990
LOT123,W01,-3,4,1,IDQ_MA,57.77
LOT123,W01,-3,5,1,GAIN_DB,13.535
LOT123,W01,-3,5,1,NF_DB,2.254
LOT123,W01,-3,5,1,IP3_DBM,17.145
LOT123,W01,-3,5,1,IDQ_MA,48.52
LOT123,W01,-3,6,1,GAIN_DB,13.491
LOT123,W01,-3,6,1,NF_DB,2.405
LOT123,W01,-3,6,1,IP3_DBM,17.783
LOT123,W01,-3,6,1,IDQ_MA,54.21
LOT123,W01,-3,7,1,GAIN_DB,12.246
LOT123,W01,-3,7,1,NF_DB,2.168
LOT123,W01,-3,7,1,IP3_DBM,15.767
LOT123,W01,-3,7,1,IDQ_MA,49.83
LOT123,W01,-3,8,1,GAIN_DB,12.336
LOT123,W01,-3,8,1,NF_DB,2.588
LOT123,W01,-3,8,1,IP3_DBM,19.290
LOT123,W01,-3,8,1,IDQ_MA,50.12
LOT123,W01,-2,-8,1,GAIN_DB,13.494
LOT123,W01,-2,-8,1,NF_DB,2.149
LOT123,W01,-2,-8,1,IP3_DBM,16.951
LOT123,W01,-2,-8,1,IDQ_MA,44.66
LOT123,W01,-2,-7,1,GAIN_DB,12.744
LOT123,W01,-2,-7,1,NF_DB,2.160
LOT123,W01,-2,-7,1,IP3_DBM,19.564
LOT123,W01,-2,-7,1,IDQ_MA,47.81
LOT123,W01,-2,-6,1,GAIN_DB,11.855
LOT123,W01,-2,-6,1,NF_DB,2.329
LOT123,W01,-2,-6,1,IP3_DBM,18.072
LOT123,W01,-2,-6,1,IDQ_MA,47.02
LOT123,W01,-2,-5,1,GAIN_DB,12.418
LOT123,W01,-2,-5,1,NF_DB,2.586
LOT123,W01,-2,-5,1,IP3_DBM,16.996
LOT123,W01,-2,-5,1,IDQ_MA,48.56
LOT123,W01,-2,-4,1,GAIN_DB,12.523
LOT123,W01,-2,-4,1,NF_DB,1.986
LOT123,W01,-2,-4,1,IP3_DBM,17.785
LOT123,W01,-2,-4,1,IDQ_MA,40.94
LOT123,W01,-2,-3,1,GAIN_DB,14.128
LOT123,W01,-2,-3,1,NF_DB,1.540
LOT123,W01,-2,-3,1,IP3_DBM,18.366
LOT123,W01,-2,-3,1,IDQ_MA,59.89
LOT123,W01,-2,-2,1,GAIN_DB,12.695
LOT123,W01,-2,-2,1,NF_DB,2.386
LOT123,W01,-2,-2,1,IP3_DBM,18.852
LOT123,W01,-2,-2,1,IDQ_MA,44.95
LOT123,W01,-2,-1,2,GAIN_DB,12.122
LOT123,W01,-2,-1,2,NF_DB,2.203
LOT123,W01,-2,-1,2,IP3_DBM,17.908
LOT123,W01,-2,-1,2,IDQ_MA,46.51
LOT123,W01,-2,0,1,GAIN_DB,11.946
LOT123,W01,-2,0,1,NF_DB,1.940
LOT123,W01,-2,0,1,IP3_DBM,15.993
LOT123,W01,-2,0,1,IDQ_MA,50.86
LOT123,W01,-2,1,1,GAIN_DB,12.302
LOT123,W01,-2,1,1,NF_DB,1.509
LOT123,W01,-2,1,1,IP3_DBM,18.140
LOT123,W01,-2,1,1,IDQ_MA,52.88
LOT123,W01,-2,2,1,GAIN_DB,11.792
LOT123,W01,-2,2,1,NF_DB,2.562
LOT123,W01,-2,2,1,IP3_DBM,16.432
LOT123,W01,-2,2,1,IDQ_MA,47.25
LOT123,W01,-2,3,1,GAIN_DB,12.605
LOT123,W01,-2,3,1,NF_DB,1.556
LOT123,W01,-2,3,1,IP3_DBM,18.975
LOT123,W01,-2,3,1,IDQ_MA,54.28
LOT123,W01,-2,4,1,GAIN_DB,12.512
LOT123,W01,-2,4,1,NF_DB,1.688
LOT123,W01,-2,4,1,IP3_DBM,16.096
LOT123,W01,-2,4,1,IDQ_MA,47.11
LOT123,W01,-2,5,1,GAIN_DB,12.111
LOT123,W01,-2,5,1,NF_DB,2.328
LOT123,W01,-2,5,1,IP3_DBM,18.867
LOT123,W01,-2,5,1,IDQ_MA,39.87
LOT123,W01,-2,6,1,GAIN_DB,12.940
LOT123,W01,-2,6,1,NF_DB,2.411
LOT123,W01,-2,6,1,IP3_DBM,19.477
LOT123,W01,-2,6,1,IDQ_MA,32.32
LOT123,W01,-2,7,1,GAIN_DB,13.508
LOT123,W01,-2,7,1,NF_DB,1.549
LOT123,W01,-2,7,1,IP3_DBM,16.794
LOT123,W01,-2,7,1,IDQ_MA,51.84
LOT123,W01,-2,8,1,GAIN_DB,10.813
LOT123,W01,-2,8,1,NF_DB,2.057
LOT123,W01,-2,8,1,IP3_DBM,15.831
LOT123,W01,-2,8,1,IDQ_MA,42.10
LOT123,W01,-1,-8,1,GAIN_DB,12.525
LOT123,W01,-1,-8,1,NF_DB,2.197
LOT123,W01,-1,-8,1,IP3_DBM,17.641
LOT123,W01,-1,-8,1,IDQ_MA,42.18
LOT123,W01,-1,-7,1,GAIN_DB,11.531
LOT123,W01,-1,-7,1,NF_DB,1.643
LOT123,W01,-1,-7,1,IP3_DBM,20.059
LOT123,W01,-1,-7,1,IDQ_MA,52.27
LOT123,W01,-1,-6,1,GAIN_DB,12.219
LOT123,W01,-1,-6,1,NF_DB,2.080
LOT123,W01,-1,-6,1,IP3_DBM,17.564
LOT123,W01,-1,-6,1,IDQ_MA,42.96
LOT123,W01,-1,-5,1,GAIN_DB,13.190
LOT123,W01,-1,-5,1,NF_DB,2.097
LOT123,W01,-1,-5,1,IP3_DBM,19.848
LOT123,W01,-1,-5,1,IDQ_MA,38.84
LOT123,W01,-1,-4,1,GAIN_DB,11.674
LOT123,W01,-1,-4,1,NF_DB,2.248
LOT123,W01,-1,-4,1,IP3_DBM,21.529
LOT123,W01,-1,-4,1,IDQ_MA,32.97
LOT123,W01,-1,-3,1,GAIN_DB,13.479
LOT123,W01,-1,-3,1,NF_DB,2.262
LOT123,W01,-1,-3,1,IP3_DBM,16.671
LOT123,W01,-1,-3,1,IDQ_MA,50.87
LOT123,W01,-1,-2,1,GAIN_DB,13.699
LOT123,W01,-1,-2,1,NF_DB,2.251
LOT123,W01,-1,-2,1,IP3_DBM,18.595
LOT123,W01,-1,-2,1,IDQ_MA,49.94
LOT123,W01,-1,-1,1,GAIN_DB,13.508
LOT123,W01,-1,-1,1,NF_DB,2.478
LOT123,W01,-1,-1,1,IP3_DBM,18.097
LOT123,W01,-1,-1,1,IDQ_MA,48.42
LOT123,W01,-1,0,1,GAIN_DB,11.987
LOT123,W01,-1,0,1,NF_DB,1.577
LOT123,W01,-1,0,1,IP3_DBM,18.562
LOT123,W01,-1,0,1,IDQ_MA,45.64
LOT123,W01,-1,1,1,GAIN_DB,12.606
LOT123,W01,-1,1,1,NF_DB,1.675
LOT123,W01,-1,1,1,IP3_DBM,17.707
LOT123,W01,-1,1,1,IDQ_MA,55.98
LOT123,W01,-1,2,1,GAIN_DB,11.869
LOT123,W01,-1,2,1,NF_DB,2.241
LOT123,W01,-1,2,1,IP3_DBM,17.996
LOT123,W01,-1,2,1,IDQ_MA,54.32
LOT123,W01,-1,3,1,GAIN_DB,12.124
LOT123,W01,-1,3,1,NF_DB,2.027
LOT123,W01,-1,3,1,IP3_DBM,17.474
LOT123,W01,-1,3,1,IDQ_MA,45.60
LOT123,W01,-1,4,1,GAIN_DB,11.970
LOT123,W01,-1,4,1,NF_DB,2.650
LOT123,W01,-1,4,1,IP3_DBM,19.099
LOT123,W01,-1,4,1,IDQ_MA,45.55
LOT123,W01,-1,5,1,GAIN_DB,10.662
LOT123,W01,-1,5,1,NF_DB,2.458
LOT123,W01,-1,5,1,IP3_DBM,15.964
LOT123,W01,-1,5,1,IDQ_MA,38.24
LOT123,W01,-1,6,1,GAIN_DB,11.770
LOT123,W01,-1,6,1,NF_DB,1.861
LOT123,W01,-1,6,1,IP3_DBM,19.213
LOT123,W01,-1,6,1,IDQ_MA,43.43
LOT123,W01,-1,7,1,GAIN_DB,12.157
LOT123,W01,-1,7,1,NF_DB,2.407
LOT123,W01,-1,7,1,IP3_DBM,19.787
LOT123,W01,-1,7,1,IDQ_MA,45.22
LOT123,W01,-1,8,1,GAIN_DB,12.693
LOT123,W01,-1,8,1,NF_DB,2.188
LOT123,W01,-1,8,1,IP3_DBM,17.417
LOT123,W01,-1,8,1,IDQ_MA,46.52
LOT123,W01,0,-8,1,GAIN_DB,12.964
LOT123,W01,0,-8,1,NF_DB,2.089
LOT123,W01,0,-8,1,IP3_DBM,16.739
LOT123,W01,0,-8,1,IDQ_MA,42.22
LOT123,W01,0,-7,1,GAIN_DB,11.387
LOT123,W01,0,-7,1,NF_DB,1.999
LOT123,W01,0,-7,1,IP3_DBM,18.960
LOT123,W01,0,-7,1,IDQ_MA,45.10
LOT123,W01,0,-6,1,GAIN_DB,12.748
LOT123,W01,0,-6,1,NF_DB,2.144
LOT123,W01,0,-6,1,IP3_DBM,19.654
LOT123,W01,0,-6,1,IDQ_MA,47.19
LOT123,W01,0,-5,1,GAIN_DB,13.311
LOT123,W01,0,-5,1,NF_DB,1.200
LOT123,W01,0,-5,1,IP3_DBM,16.838
LOT123,W01,0,-5,1,IDQ_MA,49.13
LOT123,W01,0,-4,1,GAIN_DB,12.332
LOT123,W01,0,-4,1,NF_DB,2.215
LOT123,W01,0,-4,1,IP3_DBM,15.040
LOT123,W01,0,-4,1,IDQ_MA,41.43
LOT123,W01,0,-3,1,GAIN_DB,12.234
LOT123,W01,0,-3,1,NF_DB,2.298
LOT123,W01,0,-3,1,IP3_DBM,19.213
LOT123,W01,0,-3,1,IDQ_MA,43.96
LOT123,W01,0,-2,1,GAIN_DB,12.959
LOT123,W01,0,-2,1,NF_DB,2.213
LOT123,W01,0,-2,1,IP3_DBM,19.166
LOT123,W01,0,-2,1,IDQ_MA,45.02
LOT123,W01,0,-1,1,GAIN_DB,11.667
LOT123,W01,0,-1,1,NF_DB,2.224
LOT123,W01,0,-1,1,IP3_DBM,14.697
LOT123,W01,0,-1,1,IDQ_MA,44.06
LOT123,W01,0,0,1,GAIN_DB,12.507
LOT123,W01,0,0,1,NF_DB,2.222
LOT123,W01,0,0,1,IP3_DBM,18.070
LOT123,W01,0,0,1,IDQ_MA,47.63
LOT123,W01,0,1,1,GAIN_DB,13.203
LOT123,W01,0,1,1,NF_DB,2.273
LOT123,W01,0,1,1,IP3_DBM,19.180
LOT123,W01,0,1,1,IDQ_MA,43.49
LOT123,W01,0,2,1,GAIN_DB,12.857
LOT123,W01,0,2,1,NF_DB,2.364
LOT123,W01,0,2,1,IP3_DBM,18.609
LOT123,W01,0,2,1,IDQ_MA,37.81
LOT123,W01,0,3,2,GAIN_DB,12.359
LOT123,W01,0,3,2,NF_DB,1.967
LOT123,W01,0,3,2,IP3_DBM,19.461
LOT123,W01,0,3,2,IDQ_MA,46.50
LOT123,W01,0,4,1,GAIN_DB,11.629
LOT123,W01,0,4,1,NF_DB,1.638
LOT123,W01,0,4,1,IP3_DBM,16.461
LOT123,W01,0,4,1,IDQ_MA,47.88
LOT123,W01,0,5,1,GAIN_DB,11.712
LOT123,W01,0,5,1,NF_DB,1.852
LOT123,W01,0,5,1,IP3_DBM,19.156
LOT123,W01,0,5,1,IDQ_MA,54.27
LOT123,W01,0,6,1,GAIN_DB,13.431
LOT123,W01,0,6,1,NF_DB,2.150
LOT123,W01,0,6,1,IP3_DBM,20.114
LOT123,W01,0,6,1,IDQ_MA,47.11
LOT123,W01,0,7,1,GAIN_DB,11.991
LOT123,W01,0,7,1,NF_DB,2.035
LOT123,W01,0,7,1,IP3_DBM,17.843
LOT123,W01,0,7,1,IDQ_MA,50.82
LOT123,W01,0,8,1,GAIN_DB,14.404
LOT123,W01,0,8,1,NF_DB,2.077
LOT123,W01,0,8,1,IP3_DBM,15.743
LOT123,W01,0,8,1,IDQ_MA,46.23
LOT123,W01,1,-8,1,GAIN_DB,12.119
LOT123,W01,1,-8,1,NF_DB,1.949
LOT123,W01,1,-8,1,IP3_DBM,17.330
LOT123,W01,1,-8,1,IDQ_MA,46.82
LOT123,W01,1,-7,1,GAIN_DB,13.468
LOT123,W01,1,-7,1,NF_DB,2.335
LOT123,W01,1,-7,1,IP3_DBM,16.591
LOT123,W01,1,-7,1,IDQ_MA,54.41
LOT123,W01,1,-6,2,GAIN_DB,14.054
LOT123,W01,1,-6,2,NF_DB,1.967
LOT123,W01,1,-6,2,IP3_DBM,17.839
LOT123,W01,1,-6,2,IDQ_MA,48.41
LOT123,W01,1,-5,1,GAIN_DB,11.969
LOT123,W01,1,-5,1,NF_DB,1.773
LOT123,W01,1,-5,1,IP3_DBM,15.824
LOT123,W01,1,-5,1,IDQ_MA,42.38
LOT123,W01,1,-4,1,GAIN_DB,12.224
LOT123,W01,1,-4,1,NF_DB,1.780
LOT123,W01,1,-4,1,IP3_DBM,17.333
LOT123,W01,1,-4,1,IDQ_MA,42.54
LOT123,W01,1,-3,1,GAIN_DB,12.281
LOT123,W01,1,-3,1,NF_DB,1.610
LOT123,W01,1,-3,1,IP3_DBM,20.714
LOT123,W01,1,-3,1,IDQ_MA,53.06
LOT123,W01,1,-2,1,GAIN_DB,12.723
LOT123,W01,1,-2,1,NF_DB,1.784
LOT123,W01,1,-2,1,IP3_DBM,19.948
LOT123,W01,1,-2,1,IDQ_MA,44.46
LOT123,W01,1,-1,1,GAIN_DB,12.317
LOT123,W01,1,-1,1,NF_DB,2.279
LOT123,W01,1,-1,1,IP3_DBM,16.446
LOT123,W01,1,-1,1,IDQ_MA,49.17
LOT123,W01,1,0,1,GAIN_DB,13.192
LOT123,W01,1,0,1,NF_DB,2.380
LOT123,W01,1,0,1,IP3_DBM,18.548
LOT123,W01,1,0,1,IDQ_MA,42.77
LOT123,W01,1,1,1,GAIN_DB,13.066
LOT123,W01,1,1,1,NF_DB,2.365
LOT123,W01,1,1,1,IP3_DBM,18.050
LOT123,W01,1,1,1,IDQ_MA,44.46
LOT123,W01,1,2,1,GAIN_DB,11.945
LOT123,W01,1,2,1,NF_DB,1.861
LOT123,W01,1,2,1,IP3_DBM,18.854
LOT123,W01,1,2,1,IDQ_MA,58.35
LOT123,W01,1,3,1,GAIN_DB,14.029
LOT123,W01,1,3,1,NF_DB,2.320
LOT123,W01,1,3,1,IP3_DBM,18.194
LOT123,W01,1,3,1,IDQ_MA,48.92
LOT123,W01,1,4,1,GAIN_DB,13.007
LOT123,W01,1,4,1,NF_DB,2.392
LOT123,W01,1,4,1,IP3_DBM,19.082
LOT123,W01,1,4,1,IDQ_MA,38.92
LOT123,W01,1,5,1,GAIN_DB,12.540
LOT123,W01,1,5,1,NF_DB,1.758
LOT123,W01,1,5,1,IP3_DBM,16.751
LOT123,W01,1,5,1,IDQ_MA,45.20
LOT123,W01,1,6,1,GAIN_DB,12.602
LOT123,W01,1,6,1,NF_DB,2.125
LOT123,W01,1,6,1,IP3_DBM,16.590
LOT123,W01,1,6,1,IDQ_MA,39.14
LOT123,W01,1,7,1,GAIN_DB,12.920
LOT123,W01,1,7,1,NF_DB,2.621
LOT123,W01,1,7,1,IP3_DBM,16.239
LOT123,W01,1,7,1,IDQ_MA,39.97
LOT123,W01,1,8,1,GAIN_DB,13.441
LOT123,W01,1,8,1,NF_DB,2.179
LOT123,W01,1,8,1,IP3_DBM,19.534
LOT123,W01,1,8,1,IDQ_MA,48.40
LOT123,W01,2,-8,1,GAIN_DB,13.600
LOT123,W01,2,-8,1,NF_DB,1.988
LOT123,W01,2,-8,1,IP3_DBM,18.774
LOT123,W01,2,-8,1,IDQ_MA,40.81
LOT123,W01,2,-7,2,GAIN_DB,11.264
LOT123,W01,2,-7,2,NF_DB,1.938
LOT123,W01,2,-7,2,IP3_DBM,19.448
LOT123,W01,2,-7,2,IDQ_MA,46.19
LOT123,W01,2,-6,1,GAIN_DB,12.485
LOT123,W01,2,-6,1,NF_DB,2.345
LOT123,W01,2,-6,1,IP3_DBM,17.261
LOT123,W01,2,-6,1,IDQ_MA,49.18
LOT123,W01,2,-5,1,GAIN_DB,11.445
LOT123,W01,2,-5,1,NF_DB,1.745
LOT123,W01,2,-5,1,IP3_DBM,19.360
LOT123,W01,2,-5,1,IDQ_MA,47.31
LOT123,W01,2,-4,1,GAIN_DB,12.507
LOT123,W01,2,-4,1,NF_DB,2.422
LOT123,W01,2,-4,1,IP3_DBM,19.694
LOT123,W01,2,-4,1,IDQ_MA,39.34
LOT123,W01,2,-3,1,GAIN_DB,12.843
LOT123,W01,2,-3,1,NF_DB,2.060
LOT123,W01,2,-3,1,IP3_DBM,20.203
LOT123,W01,2,-3,1,IDQ_MA,43.80
LOT123,W01,2,-2,1,GAIN_DB,11.960
LOT123,W01,2,-2,1,NF_DB,2.077
LOT123,W01,2,-2,1,IP3_DBM,17.871
LOT123,W01,2,-2,1,IDQ_MA,44.71
LOT123,W01,2,-1,1,GAIN_DB,12.286
LOT123,W01,2,-1,1,NF_DB,2.326
LOT123,W01,2,-1,1,IP3_DBM,17.713
LOT123,W01,2,-1,1,IDQ_MA,48.63
LOT123,W01,2,0,1,GAIN_DB,13.580
LOT123,W01,2,0,1,NF_DB,1.796
LOT123,W01,2,0,1,IP3_DBM,19.060
LOT123,W01,2,0,1,IDQ_MA,59.25
LOT123,W01,2,1,1,GAIN_DB,12.791
LOT123,W01,2,1,1,NF_DB,2.099
LOT123,W01,2,1,1,IP3_DBM,16.576
LOT123,W01,2,1,1,IDQ_MA,49.64
LOT123,W01,2,2,1,GAIN_DB,12.199
LOT123,W01,2,2,1,NF_DB,2.047
LOT123,W01,2,2,1,IP3_DBM,17.481
LOT123,W01,2,2,1,IDQ_MA,42.96
LOT123,W01,2,3,1,GAIN_DB,11.821
LOT123,W01,2,3,1,NF_DB,2.088
LOT123,W01,2,3,1,IP3_DBM,19.330
LOT123,W01,2,3,1,IDQ_MA,52.81
LOT123,W01,2,4,1,GAIN_DB,13.491
LOT123,W01,2,4,1,NF_DB,2.354
LOT123,W01,2,4,1,IP3_DBM,17.033
LOT123,W01,2,4,1,IDQ_MA,41.74
LOT123,W01,2,5,1,GAIN_DB,12.945
LOT123,W01,2,5,1,NF_DB,2.965
LOT123,W01,2,5,1,IP3_DBM,15.799
LOT123,W01,2,5,1,IDQ_MA,38.11
LOT123,W01,2,6,1,GAIN_DB,11.069
LOT123,W01,2,6,1,NF_DB,2.018
LOT123,W01,2,6,1,IP3_DBM,17.836
LOT123,W01,2,6,1,IDQ_MA,41.43
LOT123,W01,2,7,2,GAIN_DB,12.378
LOT123,W01,2,7,2,NF_DB,2.672
LOT123,W01,2,7,2,IP3_DBM,17.591
LOT123,W01,2,7,2,IDQ_MA,48.03
LOT123,W01,2,8,1,GAIN_DB,11.348
LOT123,W01,2,8,1,NF_DB,1.954
LOT123,W01,2,8,1,IP3_DBM,18.713
LOT123,W01,2,8,1,IDQ_MA,36.07
LOT123,W01,3,-8,1,GAIN_DB,13.252
LOT123,W01,3,-8,1,NF_DB,2.170
LOT123,W01,3,-8,1,IP3_DBM,21.430
LOT123,W01,3,-8,1,IDQ_MA,44.00
LOT123,W01,3,-7,1,GAIN_DB,12.485
LOT123,W01,3,-7,1,NF_DB,2.566
LOT123,W01,3,-7,1,IP3_DBM,16.736
LOT123,W01,3,-7,1,IDQ_MA,50.62
LOT123,W01,3,-6,1,GAIN_DB,12.989
LOT123,W01,3,-6,1,NF_DB,2.037
LOT123,W01,3,-6,1,IP3_DBM,16.849
LOT123,W01,3,-6,1,IDQ_MA,49.26
LOT123,W01,3,-5,1,GAIN_DB,12.116
LOT123,W01,3,-5,1,NF_DB,2.284
LOT123,W01,3,-5,1,IP3_DBM,18.310
LOT123,W01,3,-5,1,IDQ_MA,44.65
LOT123,W01,3,-4,1,GAIN_DB,13.113
LOT123,W01,3,-4,1,NF_DB,2.137
LOT123,W01,3,-4,1,IP3_DBM,16.616
LOT123,W01,3,-4,1,IDQ_MA,43.85
LOT123,W01,3,-3,1,GAIN_DB,12.482
LOT123,W01,3,-3,1,NF_DB,2.333
LOT123,W01,3,-3,1,IP3_DBM,15.701
LOT123,W01,3,-3,1,IDQ_MA,42.03
LOT123,W01,3,-2,1,GAIN_DB,11.191
LOT123,W01,3,-2,1,NF_DB,1.917
LOT123,W01,3,-2,1,IP3_DBM,17.235
LOT123,W01,3,-2,1,IDQ_MA,47.79
LOT123,W01,3,-1,1,GAIN_DB,11.882
LOT123,W01,3,-1,1,NF_DB,2.494
LOT123,W01,3,-1,1,IP3_DBM,15.808
LOT123,W01,3,-1,1,IDQ_MA,47.37
LOT123,W01,3,0,1,GAIN_DB,12.783
LOT123,W01,3,0,1,NF_DB,1.695
LOT123,W01,3,0,1,IP3_DBM,17.215
LOT123,W01,3,0,1,IDQ_MA,42.60
LOT123,W01,3,1,2,GAIN_DB,11.500
LOT123,W01,3,1,2,NF_DB,2.545
LOT123,W01,3,1,2,IP3_DBM,17.464
LOT123,W01,3,1,2,IDQ_MA,54.27
LOT123,W01,3,2,1,GAIN_DB,12.891
LOT123,W01,3,2,1,NF_DB,2.007
LOT123,W01,3,2,1,IP3_DBM,14.921
LOT123,W01,3,2,1,IDQ_MA,50.31
LOT123,W01,3,3,1,GAIN_DB,13.980
LOT123,W01,3,3,1,NF_DB,2.590
LOT123,W01,3,3,1,IP3_DBM,18.961
LOT123,W01,3,3,1,IDQ_MA,40.57
LOT123,W01,3,4,1,GAIN_DB,12.913
LOT123,W01,3,4,1,NF_DB,1.995
LOT123,W01,3,4,1,IP3_DBM,15.910
LOT123,W01,3,4,1,IDQ_MA,42.54
LOT123,W01,3,5,1,GAIN_DB,11.810
LOT123,W01,3,5,1,NF_DB,1.324
LOT123,W01,3,5,1,IP3_DBM,17.664
LOT123,W01,3,5,1,IDQ_MA,42.91
LOT123,W01,3,6,1,GAIN_DB,12.836
LOT123,W01,3,6,1,NF_DB,2.843
LOT123,W01,3,6,1,IP3_DBM,19.134
LOT123,W01,3,6,1,IDQ_MA,41.35
LOT123,W01,3,7,1,GAIN_DB,11.988
LOT123,W01,3,7,1,NF_DB,2.083
LOT123,W01,3,7,1,IP3_DBM,21.300
LOT123,W01,3,7,1,IDQ_MA,42.15
LOT123,W01,3,8,1,GAIN_DB,12.186
LOT123,W01,3,8,1,NF_DB,1.601
LOT123,W01,3,8,1,IP3_DBM,19.875
LOT123,W01,3,8,1,IDQ_MA,51.22
LOT123,W01,4,-7,1,GAIN_DB,13.225
LOT123,W01,4,-7,1,NF_DB,2.011
LOT123,W01,4,-7,1,IP3_DBM,18.045
LOT123,W01,4,-7,1,IDQ_MA,45.46
LOT123,W01,4,-6,1,GAIN_DB,12.398
LOT123,W01,4,-6,1,NF_DB,2.161
LOT123,W01,4,-6,1,IP3_DBM,20.672
LOT123,W01,4,-6,1,IDQ_MA,48.57
LOT123,W01,4,-5,1,GAIN_DB,12.918
LOT123,W01,4,-5,1,NF_DB,2.280
LOT123,W01,4,-5,1,IP3_DBM,17.616
LOT123,W01,4,-5,1,IDQ_MA,57.21
LOT123,W01,4,-4,1,GAIN_DB,13.376
LOT123,W01,4,-4,1,NF_DB,1.991
LOT123,W01,4,-4,1,IP3_DBM,19.504
LOT123,W01,4,-4,1,IDQ_MA,49.72
LOT123,W01,4,-3,1,GAIN_DB,12.396
LOT123,W01,4,-3,1,NF_DB,2.347
LOT123,W01,4,-3,1,IP3_DBM,17.870
LOT123,W01,4,-3,1,IDQ_MA,48.08
LOT123,W01,4,-2,2,GAIN_DB,12.709
LOT123,W01,4,-2,2,NF_DB,2.305
LOT123,W01,4,-2,2,IP3_DBM,18.500
LOT123,W01,4,-2,2,IDQ_MA,48.62
LOT123,W01,4,-1,1,GAIN_DB,12.412
LOT123,W01,4,-1,1,NF_DB,1.520
LOT123,W01,4,-1,1,IP3_DBM,17.626
LOT123,W01,4,-1,1,IDQ_MA,42.80
LOT123,W01,4,0,2,GAIN_DB,12.436
LOT123,W01,4,0,2,NF_DB,2.411
LOT123,W01,4,0,2,IP3_DBM,17.597
LOT123,W01,4,0,2,IDQ_MA,49.37
LOT123,W01,4,1,1,GAIN_DB,13.568
LOT123,W01,4,1,1,NF_DB,2.601
LOT123,W01,4,1,1,IP3_DBM,15.618
LOT123,W01,4,1,1,IDQ_MA,38.27
LOT123,W01,4,2,1,GAIN_DB,11.789
LOT123,W01,4,2,1,NF_DB,2.030
LOT123,W01,4,2,1,IP3_DBM,16.193
LOT123,W01,4,2,1,IDQ_MA,38.78
LOT123,W01,4,3,1,GAIN_DB,13.337
LOT123,W01,4,3,1,NF_DB,2.098
LOT123,W01,4,3,1,IP3_DBM,16.543
LOT123,W01,4,3,1,IDQ_MA,47.06
LOT123,W01,4,4,1,GAIN_DB,13.196
LOT123,W01,4,4,1,NF_DB,1.961
LOT123,W01,4,4,1,IP3_DBM,19.264
LOT123,W01,4,4,1,IDQ_MA,38.01
LOT123,W01,4,5,1,GAIN_DB,12.977
LOT123,W01,4,5,1,NF_DB,1.865
LOT123,W01,4,5,1,IP3_DBM,14.465
LOT123,W01,4,5,1,IDQ_MA,49.14
LOT123,W01,4,6,1,GAIN_DB,11.186
LOT123,W01,4,6,1,NF_DB,1.987
LOT123,W01,4,6,1,IP3_DBM,17.485
LOT123,W01,4,6,1,IDQ_MA,47.26
LOT123,W01,4,7,1,GAIN_DB,13.920
LOT123,W01,4,7,1,NF_DB,2.693
LOT123,W01,4,7,1,IP3_DBM,17.884
LOT123,W01,4,7,1,IDQ_MA,50.13
LOT123,W01,5,-7,1,GAIN_DB,12.976
LOT123,W01,5,-7,1,NF_DB,1.581
LOT123,W01,5,-7,1,IP3_DBM,16.954
LOT123,W01,5,-7,1,IDQ_MA,42.65
LOT123,W01,5,-6,1,GAIN_DB,12.349
LOT123,W01,5,-6,1,NF_DB,1.684
LOT123,W01,5,-6,1,IP3_DBM,21.020
LOT123,W01,5,-6,1,IDQ_MA,59.23
LOT123,W01,5,-5,1,GAIN_DB,12.519
LOT123,W01,5,-5,1,NF_DB,1.744
LOT123,W01,5,-5,1,IP3_DBM,17.423
LOT123,W01,5,-5,1,IDQ_MA,46.01
LOT123,W01,5,-4,1,GAIN_DB,12.174
LOT123,W01,5,-4,1,NF_DB,1.384
LOT123,W01,5,-4,1,IP3_DBM,18.884
LOT123,W01,5,-4,1,IDQ_MA,41.92
LOT123,W01,5,-3,1,GAIN_DB,11.823
LOT123,W01,5,-3,1,NF_DB,2.478
LOT123,W01,5,-3,1,IP3_DBM,18.367
LOT123,W01,5,-3,1,IDQ_MA,38.84
LOT123,W01,5,-2,1,GAIN_DB,11.892
LOT123,W01,5,-2,1,NF_DB,1.693
LOT123,W01,5,-2,1,IP3_DBM,19.813
LOT123,W01,5,-2,1,IDQ_MA,47.23
LOT123,W01,5,-1,1,GAIN_DB,13.025
LOT123,W01,5,-1,1,NF_DB,1.910
LOT123,W01,5,-1,1,IP3_DBM,18.174
LOT123,W01,5,-1,1,IDQ_MA,45.12
LOT123,W01,5,0,1,GAIN_DB,12.702
LOT123,W01,5,0,1,NF_DB,2.840
LOT123,W01,5,0,1,IP3_DBM,16.805
LOT123,W01,5,0,1,IDQ_MA,47.76
LOT123,W01,5,1,1,GAIN_DB,13.442
LOT123,W01,5,1,1,NF_DB,1.902
LOT123,W01,5,1,1,IP3_DBM,19.403
LOT123,W01,5,1,1,IDQ_MA,47.10
LOT123,W01,5,2,1,GAIN_DB,11.486
LOT123,W01,5,2,1,NF_DB,2.275
LOT123,W01,5,2,1,IP3_DBM,18.528
LOT123,W01,5,2,1,IDQ_MA,44.15
LOT123,W01,5,3,1,GAIN_DB,11.601
LOT123,W01,5,3,1,NF_DB,1.987
LOT123,W01,5,3,1,IP3_DBM,18.927
LOT123,W01,5,3,1,IDQ_MA,50.12
LOT123,W01,5,4,1,GAIN_DB,12.802
LOT123,W01,5,4,1,NF_DB,1.814
LOT123,W01,5,4,1,IP3_DBM,17.278
LOT123,W01,5,4,1,IDQ_MA,41.26
LOT123,W01,5,5,1,GAIN_DB,13.259
LOT123,W01,5,5,1,NF_DB,1.881
LOT123,W01,5,5,1,IP3_DBM,19.041
LOT123,W01,5,5,1,IDQ_MA,50.67
LOT123,W01,5,6,1,GAIN_DB,11.127
LOT123,W01,5,6,1,NF_DB,2.075
LOT123,W01,5,6,1,IP3_DBM,18.676
LOT123,W01,5,6,1,IDQ_MA,52.07
LOT123,W01,5,7,1,GAIN_DB,12.792
LOT123,W01,5,7,1,NF_DB,1.901
LOT123,W01,5,7,1,IP3_DBM,18.408
LOT123,W01,5,7,1,IDQ_MA,49.91
LOT123,W01,6,-6,1,GAIN_DB,12.561
LOT123,W01,6,-6,1,NF_DB,1.951
LOT123,W01,6,-6,1,IP3_DBM,18.080
LOT123,W01,6,-6,1,IDQ_MA,51.00
LOT123,W01,6,-5,1,GAIN_DB,12.348
LOT123,W01,6,-5,1,NF_DB,1.653
LOT123,W01,6,-5,1,IP3_DBM,17.283
LOT123,W01,6,-5,1,IDQ_MA,46.04
LOT123,W01,6,-4,1,GAIN_DB,12.644
LOT123,W01,6,-4,1,NF_DB,1.907
LOT123,W01,6,-4,1,IP3_DBM,20.067
LOT123,W01,6,-4,1,IDQ_MA,44.44
LOT123,W01,6,-3,1,GAIN_DB,12.429
LOT123,W01,6,-3,1,NF_DB,1.946
LOT123,W01,6,-3,1,IP3_DBM,16.787
LOT123,W01,6,-3,1,IDQ_MA,50.41
LOT123,W01,6,-2,1,GAIN_DB,12.885
LOT123,W01,6,-2,1,NF_DB,2.022
LOT123,W01,6,-2,1,IP3_DBM,18.001
LOT123,W01,6,-2,1,IDQ_MA,37.13
LOT123,W01,6,-1,1,GAIN_DB,12.277
LOT123,W01,6,-1,1,NF_DB,2.200
LOT123,W01,6,-1,1,IP3_DBM,19.551
LOT123,W01,6,-1,1,IDQ_MA,40.44
LOT123,W01,6,0,1,GAIN_DB,12.627
LOT123,W01,6,0,1,NF_DB,1.586
LOT123,W01,6,0,1,IP3_DBM,17.848
LOT123,W01,6,0,1,IDQ_MA,47.85
LOT123,W01,6,1,1,GAIN_DB,12.516
LOT123,W01,6,1,1,NF_DB,1.761
LOT123,W01,6,1,1,IP3_DBM,17.103
LOT123,W01,6,1,1,IDQ_MA,46.40
LOT123,W01,6,2,1,GAIN_DB,12.147
LOT123,W01,6,2,1,NF_DB,1.728
LOT123,W01,6,2,1,IP3_DBM,18.235
LOT123,W01,6,2,1,IDQ_MA,44.70
LOT123,W01,6,3,1,GAIN_DB,13.244
LOT123,W01,6,3,1,NF_DB,2.228
LOT123,W01,6,3,1,IP3_DBM,17.017
LOT123,W01,6,3,1,IDQ_MA,42.00
LOT123,W01,6,4,1,GAIN_DB,12.394
LOT123,W01,6,4,1,NF_DB,2.029
LOT123,W01,6,4,1,IP3_DBM,15.473
LOT123,W01,6,4,1,IDQ_MA,51.94
LOT123,W01,6,5,1,GAIN_DB,12.500
LOT123,W01,6,5,1,NF_DB,1.817
LOT123,W01,6,5,1,IP3_DBM,18.596
LOT123,W01,6,5,1,IDQ_MA,49.80
LOT123,W01,6,6,2,GAIN_DB,12.899
LOT123,W01,6,6,2,NF_DB,2.448
LOT123,W01,6,6,2,IP3_DBM,18.955
LOT123,W01,6,6,2,IDQ_MA,51.64
LOT123,W01,7,-5,1,GAIN_DB,13.342
LOT123,W01,7,-5,1,NF_DB,2.250
LOT123,W01,7,-5,1,IP3_DBM,13.363
LOT123,W01,7,-5,1,IDQ_MA,33.54
LOT123,W01,7,-4,1,GAIN_DB,12.029
LOT123,W01,7,-4,1,NF_DB,2.329
LOT123,W01,7,-4,1,IP3_DBM,18.693
LOT123,W01,7,-4,1,IDQ_MA,45.02
LOT123,W01,7,-3,1,GAIN_DB,12.372
LOT123,W01,7,-3,1,NF_DB,2.350
LOT123,W01,7,-3,1,IP3_DBM,17.925
LOT123,W01,7,-3,1,IDQ_MA,42.22
LOT123,W01,7,-2,1,GAIN_DB,11.802
LOT123,W01,7,-2,1,NF_DB,1.902
LOT123,W01,7,-2,1,IP3_DBM,17.138
LOT123,W01,7,-2,1,IDQ_MA,44.61
LOT123,W01,7,-1,1,GAIN_DB,13.452
LOT123,W01,7,-1,1,NF_DB,2.216
LOT123,W01,7,-1,1,IP3_DBM,19.039
LOT123,W01,7,-1,1,IDQ_MA,40.41
LOT123,W01,7,0,1,GAIN_DB,11.772
LOT123,W01,7,0,1,NF_DB,2.228
LOT123,W01,7,0,1,IP3_DBM,18.637
LOT123,W01,7,0,1,IDQ_MA,49.53
LOT123,W01,7,1,1,GAIN_DB,12.496
LOT123,W01,7,1,1,NF_DB,2.145
LOT123,W01,7,1,1,IP3_DBM,19.864
LOT123,W01,7,1,1,IDQ_MA,38.74
LOT123,W01,7,2,1,GAIN_DB,13.489
LOT123,W01,7,2,1,NF_DB,2.057
LOT123,W01,7,2,1,IP3_DBM,14.960
LOT123,W01,7,2,1,IDQ_MA,50.10
LOT123,W01,7,3,1,GAIN_DB,12.401
LOT123,W01,7,3,1,NF_DB,1.841
LOT123,W01,7,3,1,IP3_DBM,17.268
LOT123,W01,7,3,1,IDQ_MA,37.35
LOT123,W01,7,4,1,GAIN_DB,12.088
LOT123,W01,7,4,1,NF_DB,2.177
LOT123,W01,7,4,1,IP3_DBM,20.396
LOT123,W01,7,4,1,IDQ_MA,41.69
LOT123,W01,7,5,1,GAIN_DB,11.940
LOT123,W01,7,5,1,NF_DB,2.672
LOT123,W01,7,5,1,IP3_DBM,17.393
LOT123,W01,7,5,1,IDQ_MA,35.66
LOT123,W01,8,-3,1,GAIN_DB,12.639
LOT123,W01,8,-3,1,NF_DB,2.411
LOT123,W01,8,-3,1,IP3_DBM,16.896
LOT123,W01,8,-3,1,IDQ_MA,40.66
LOT123,W01,8,-2,2,GAIN_DB,12.279
LOT123,W01,8,-2,2,NF_DB,2.462
LOT123,W01,8,-2,2,IP3_DBM,15.738
LOT123,W01,8,-2,2,IDQ_MA,41.32
LOT123,W01,8,-1,1,GAIN_DB,12.481
LOT123,W01,8,-1,1,NF_DB,2.263
LOT123,W01,8,-1,1,IP3_DBM,19.159
LOT123,W01,8,-1,1,IDQ_MA,47.27
LOT123,W01,8,0,1,GAIN_DB,11.971
LOT123,W01,8,0,1,NF_DB,2.510
LOT123,W01,8,0,1,IP3_DBM,19.814
LOT123,W01,8,0,1,IDQ_MA,49.98
LOT123,W01,8,1,1,GAIN_DB,12.998
LOT123,W01,8,1,1,NF_DB,2.164
LOT123,W01,8,1,1,IP3_DBM,15.904
LOT123,W01,8,1,1,IDQ_MA,40.59
LOT123,W01,8,2,2,GAIN_DB,11.990
LOT123,W01,8,2,2,NF_DB,1.611
LOT123,W01,8,2,2,IP3_DBM,17.490
LOT123,W01,8,2,2,IDQ_MA,50.54
LOT123,W01,8,3,1,GAIN_DB,11.955
LOT123,W01,8,3,1,NF_DB,2.425
LOT123,W01,8,3,1,IP3_DBM,19.765
LOT123,W01,8,3,1,IDQ_MA,48.47
LOT123,W02,-8,-3,1,GAIN_DB,12.938
LOT123,W02,-8,-3,1,NF_DB,2.068
LOT123,W02,-8,-3,1,IP3_DBM,21.569
LOT123,W02,-8,-3,1,IDQ_MA,48.22
LOT123,W02,-8,-2,2,GAIN_DB,10.224
LOT123,W02,-8,-2,2,NF_DB,1.605
LOT123,W02,-8,-2,2,IP3_DBM,16.035
LOT123,W02,-8,-2,2,IDQ_MA,43.15
LOT123,W02,-8,-1,1,GAIN_DB,11.982
LOT123,W02,-8,-1,1,NF_DB,2.078
LOT123,W02,-8,-1,1,IP3_DBM,19.112
LOT123,W02,-8,-1,1,IDQ_MA,37.40
LOT123,W02,-8,0,1,GAIN_DB,12.719
LOT123,W02,-8,0,1,NF_DB,2.440
LOT123,W02,-8,0,1,IP3_DBM,16.411
LOT123,W02,-8,0,1,IDQ_MA,49.75
LOT123,W02,-8,1,1,GAIN_DB,13.265
LOT123,W02,-8,1,1,NF_DB,2.486
LOT123,W02,-8,1,1,IP3_DBM,19.916
LOT123,W02,-8,1,1,IDQ_MA,39.18
LOT123,W02,-8,2,1,GAIN_DB,14.059
LOT123,W02,-8,2,1,NF_DB,1.856
LOT123,W02,-8,2,1,IP3_DBM,18.315
LOT123,W02,-8,2,1,IDQ_MA,45.95
LOT123,W02,-8,3,1,GAIN_DB,12.009
LOT123,W02,-8,3,1,NF_DB,2.247
LOT123,W02,-8,3,1,IP3_DBM,19.246
LOT123,W02,-8,3,1,IDQ_MA,43.39
LOT123,W02,-7,-5,1,GAIN_DB,13.574
LOT123,W02,-7,-5,1,NF_DB,2.057
LOT123,W02,-7,-5,1,IP3_DBM,19.402
LOT123,W02,-7,-5,1,IDQ_MA,44.05
LOT123,W02,-7,-4,1,GAIN_DB,12.484
LOT123,W02,-7,-4,1,NF_DB,2.540
LOT123,W02,-7,-4,1,IP3_DBM,18.369
LOT123,W02,-7,-4,1,IDQ_MA,40.25
LOT123,W02,-7,-3,1,GAIN_DB,13.745
LOT123,W02,-7,-3,1,NF_DB,2.078
LOT123,W02,-7,-3,1,IP3_DBM,19.885
LOT123,W02,-7,-3,1,IDQ_MA,38.28
LOT123,W02,-7,-2,1,GAIN_DB,13.079
LOT123,W02,-7,-2,1,NF_DB,1.806
LOT123,W02,-7,-2,1,IP3_DBM,18.849
LOT123,W02,-7,-2,1,IDQ_MA,36.57
LOT123,W02,-7,-1,1,GAIN_DB,12.257
LOT123,W02,-7,-1,1,NF_DB,1.964
LOT123,W02,-7,-1,1,IP3_DBM,17.990
LOT123,W02,-7,-1,1,IDQ_MA,51.24
LOT123,W02,-7,0,1,GAIN_DB,12.505
LOT123,W02,-7,0,1,NF_DB,2.093
LOT123,W02,-7,0,1,IP3_DBM,20.155
LOT123,W02,-7,0,1,IDQ_MA,43.35
LOT123,W02,-7,1,1,GAIN_DB,12.286
LOT123,W02,-7,1,1,NF_DB,2.040
LOT123,W02,-7,1,1,IP3_DBM,19.114
LOT123,W02,-7,1,1,IDQ_MA,46.57
LOT123,W02,-7,2,1,GAIN_DB,13.124
LOT123,W02,-7,2,1,NF_DB,2.248
LOT123,W02,-7,2,1,IP3_DBM,18.716
LOT123,W02,-7,2,1,IDQ_MA,50.17
LOT123,W02,-7,3,1,GAIN_DB,12.272
LOT123,W02,-7,3,1,NF_DB,2.253
LOT123,W02,-7,3,1,IP3_DBM,18.798
LOT123,W02,-7,3,1,IDQ_MA,45.34
LOT123,W02,-7,4,1,GAIN_DB,12.643
LOT123,W02,-7,4,1,NF_DB,2.369
LOT123,W02,-7,4,1,IP3_DBM,15.834
LOT123,W02,-7,4,1,IDQ_MA,44.85
LOT123,W02,-7,5,1,GAIN_DB,12.753
LOT123,W02,-7,5,1,NF_DB,1.741
LOT123,W02,-7,5,1,IP3_DBM,17.992
LOT123,W02,-7,5,1,IDQ_MA,39.18
LOT123,W02,-6,-6,1,GAIN_DB,11.747
LOT123,W02,-6,-6,1,NF_DB,2.035
LOT123,W02,-6,-6,1,IP3_DBM,16.463
LOT123,W02,-6,-6,1,IDQ_MA,43.94
LOT123,W02,-6,-5,2,GAIN_DB,11.186
LOT123,W02,-6,-5,2,NF_DB,2.110
LOT123,W02,-6,-5,2,IP3_DBM,18.800
LOT123,W02,-6,-5,2,IDQ_MA,42.65
LOT123,W02,-6,-4,1,GAIN_DB,11.864
LOT123,W02,-6,-4,1,NF_DB,2.186
LOT123,W02,-6,-4,1,IP3_DBM,18.368
LOT123,W02,-6,-4,1,IDQ_MA,45.69
LOT123,W02,-6,-3,1,GAIN_DB,11.685
LOT123,W02,-6,-3,1,NF_DB,1.139
LOT123,W02,-6,-3,1,IP3_DBM,16.460
LOT123,W02,-6,-3,1,IDQ_MA,39.37
LOT123,W02,-6,-2,1,GAIN_DB,12.119
LOT123,W02,-6,-2,1,NF_DB,2.499
LOT123,W02,-6,-2,1,IP3_DBM,21.436
LOT123,W02,-6,-2,1,IDQ_MA,36.88
LOT123,W02,-6,-1,1,GAIN_DB,12.286
LOT123,W02,-6,-1,1,NF_DB,2.643
LOT123,W02,-6,-1,1,IP3_DBM,16.705
LOT123,W02,-6,-1,1,IDQ_MA,46.44
LOT123,W02,-6,0,1,GAIN_DB,13.036
LOT123,W02,-6,0,1,NF_DB,1.906
LOT123,W02,-6,0,1,IP3_DBM,17.874
LOT123,W02,-6,0,1,IDQ_MA,42.77
LOT123,W02,-6,1,1,GAIN_DB,13.068
LOT123,W02,-6,1,1,NF_DB,2.554
LOT123,W02,-6,1,1,IP3_DBM,18.796
LOT123,W02,-6,1,1,IDQ_MA,41.28
LOT123,W02,-6,2,1,GAIN_DB,12.906
LOT123,W02,-6,2,1,NF_DB,1.804
LOT123,W02,-6,2,1,IP3_DBM,15.012
LOT123,W02,-6,2,1,IDQ_MA,44.31
LOT123,W02,-6,3,1,GAIN_DB,12.554
LOT123,W02,-6,3,1,NF_DB,2.214
LOT123,W02,-6,3,1,IP3_DBM,18.907
LOT123,W02,-6,3,1,IDQ_MA,49.92
LOT123,W02,-6,4,1,GAIN_DB,12.304
LOT123,W02,-6,4,1,NF_DB,1.950
LOT123,W02,-6,4,1,IP3_DBM,16.877
LOT123,W02,-6,4,1,IDQ_MA,49.81
LOT123,W02,-6,5,1,GAIN_DB,12.587
LOT123,W02,-6,5,1,NF_DB,2.196
LOT123,W02,-6,5,1,IP3_DBM,17.375
LOT123,W02,-6,5,1,IDQ_MA,46.48
LOT123,W02,-6,6,1,GAIN_DB,13.100
LOT123,W02,-6,6,1,NF_DB,2.395
LOT123,W02,-6,6,1,IP3_DBM,17.981
LOT123,W02,-6,6,1,IDQ_MA,41.49
LOT123,W02,-5,-7,1,GAIN_DB,12.041
LOT123,W02,-5,-7,1,NF_DB,1.850
LOT123,W02,-5,-7,1,IP3_DBM,17.425
LOT123,W02,-5,-7,1,IDQ_MA,41.16
LOT123,W02,-5,-6,1,GAIN_DB,12.666
LOT123,W02,-5,-6,1,NF_DB,2.086
LOT123,W02,-5,-6,1,IP3_DBM,16.036
LOT123,W02,-5,-6,1,IDQ_MA,39.86
LOT123,W02,-5,-5,1,GAIN_DB,11.541
LOT123,W02,-5,-5,1,NF_DB,2.548
LOT123,W02,-5,-5,1,IP3_DBM,18.706
LOT123,W02,-5,-5,1,IDQ_MA,41.57
LOT123,W02,-5,-4,1,GAIN_DB,12.466
LOT123,W02,-5,-4,1,NF_DB,2.525
LOT123,W02,-5,-4,1,IP3_DBM,17.749
LOT123,W02,-5,-4,1,IDQ_MA,50.59
LOT123,W02,-5,-3,1,GAIN_DB,12.208
LOT123,W02,-5,-3,1,NF_DB,1.868
LOT123,W02,-5,-3,1,IP3_DBM,17.163
LOT123,W02,-5,-3,1,IDQ_MA,50.66
LOT123,W02,-5,-2,1,GAIN_DB,12.363
LOT123,W02,-5,-2,1,NF_DB,2.163
LOT123,W02,-5,-2,1,IP3_DBM,18.191
LOT123,W02,-5,-2,1,IDQ_MA,47.42
LOT123,W02,-5,-1,1,GAIN_DB,12.255
LOT123,W02,-5,-1,1,NF_DB,2.130
LOT123,W02,-5,-1,1,IP3_DBM,20.200
LOT123,W02,-5,-1,1,IDQ_MA,43.18
LOT123,W02,-5,0,2,GAIN_DB,13.213
LOT123,W02,-5,0,2,NF_DB,2.061
LOT123,W02,-5,0,2,IP3_DBM,17.612
LOT123,W02,-5,0,2,IDQ_MA,45.73
LOT123,W02,-5,1,1,GAIN_DB,12.363
LOT123,W02,-5,1,1,NF_DB,1.943
LOT123,W02,-5,1,1,IP3_DBM,15.861
LOT123,W02,-5,1,1,IDQ_MA,42.53
LOT123,W02,-5,2,1,GAIN_DB,13.221
LOT123,W02,-5,2,1,NF_DB,2.285
LOT123,W02,-5,2,1,IP3_DBM,19.115
LOT123,W02,-5,2,1,IDQ_MA,41.80
LOT123,W02,-5,3,1,GAIN_DB,14.133
LOT123,W02,-5,3,1,NF_DB,2.666
LOT123,W02,-5,3,1,IP3_DBM,19.181
LOT123,W02,-5,3,1,IDQ_MA,47.28
LOT123,W02,-5,4,1,GAIN_DB,12.981
LOT123,W02,-5,4,1,NF_DB,1.827
LOT123,W02,-5,4,1,IP3_DBM,16.705
LOT123,W02,-5,4,1,IDQ_MA,41.83
LOT123,W02,-5,5,1,GAIN_DB,12.800
LOT123,W02,-5,5,1,NF_DB,2.132
LOT123,W02,-5,5,1,IP3_DBM,16.958
LOT123,W02,-5,5,1,IDQ_MA,45.37
LOT123,W02,-5,6,1,GAIN_DB,10.732
LOT123,W02,-5,6,1,NF_DB,2.567
LOT123,W02,-5,6,1,IP3_DBM,15.105
LOT123,W02,-5,6,1,IDQ_MA,30.09
LOT123,W02,-5,7,1,GAIN_DB,13.776
LOT123,W02,-5,7,1,NF_DB,1.301
LOT123,W02,-5,7,1,IP3_DBM,18.283
LOT123,W02,-5,7,1,IDQ_MA,45.16
LOT123,W02,-4,-7,2,GAIN_DB,13.683
LOT123,W02,-4,-7,2,NF_DB,1.909
LOT123,W02,-4,-7,2,IP3_DBM,16.992
LOT123,W02,-4,-7,2,IDQ_MA,39.51
LOT123,W02,-4,-6,1,GAIN_DB,12.379
LOT123,W02,-4,-6,1,NF_DB,2.475
LOT123,W02,-4,-6,1,IP3_DBM,18.880
LOT123,W02,-4,-6,1,IDQ_MA,44.99
LOT123,W02,-4,-5,1,GAIN_DB,12.978
LOT123,W02,-4,-5,1,NF_DB,2.032
LOT123,W02,-4,-5,1,IP3_DBM,15.467
LOT123,W02,-4,-5,1,IDQ_MA,44.80
LOT123,W02,-4,-4,1,GAIN_DB,11.604
LOT123,W02,-4,-4,1,NF_DB,2.207
LOT123,W02,-4,-4,1,IP3_DBM,17.550
LOT123,W02,-4,-4,1,IDQ_MA,42.43
LOT123,W02,-4,-3,1,GAIN_DB,12.757
LOT123,W02,-4,-3,1,NF_DB,1.364
LOT123,W02,-4,-3,1,IP3_DBM,19.559
LOT123,W02,-4,-3,1,IDQ_MA,44.30
LOT123,W02,-4,-2,1,GAIN_DB,12.514
LOT123,W02,-4,-2,1,NF_DB,1.278
LOT123,W02,-4,-2,1,IP3_DBM,16.673
LOT123,W02,-4,-2,1,IDQ_MA,47.10
LOT123,W02,-4,-1,1,GAIN_DB,12.554
LOT123,W02,-4,-1,1,NF_DB,1.971
LOT123,W02,-4,-1,1,IP3_DBM,13.841
LOT123,W02,-4,-1,1,IDQ_MA,40.67
LOT123,W02,-4,0,1,GAIN_DB,12.694
LOT123,W02,-4,0,1,NF_DB,2.508
LOT123,W02,-4,0,1,IP3_DBM,18.896
LOT123,W02,-4,0,1,IDQ_MA,41.42
LOT123,W02,-4,1,1,GAIN_DB,13.630
LOT123,W02,-4,1,1,NF_DB,2.775
LOT123,W02,-4,1,1,IP3_DBM,18.076
LOT123,W02,-4,1,1,IDQ_MA,40.12
LOT123,W02,-4,2,1,GAIN_DB,11.635
LOT123,W02,-4,2,1,NF_DB,1.992
LOT123,W02,-4,2,1,IP3_DBM,19.611
LOT123,W02,-4,2,1,IDQ_MA,45.56
LOT123,W02,-4,3,1,GAIN_DB,13.070
LOT123,W02,-4,3,1,NF_DB,2.114
LOT123,W02,-4,3,1,IP3_DBM,17.617
LOT123,W02,-4,3,1,IDQ_MA,53.64
LOT123,W02,-4,4,2,GAIN_DB,11.007
LOT123,W02,-4,4,2,NF_DB,1.814
LOT123,W02,-4,4,2,IP3_DBM,16.648
LOT123,W02,-4,4,2,IDQ_MA,39.08
LOT123,W02,-4,5,1,GAIN_DB,12.320
LOT123,W02,-4,5,1,NF_DB,2.308
LOT123,W02,-4,5,1,IP3_DBM,16.490
LOT123,W02,-4,5,1,IDQ_MA,41.39
LOT123,W02,-4,6,1,GAIN_DB,11.723
LOT123,W02,-4,6,1,NF_DB,1.549
LOT123,W02,-4,6,1,IP3_DBM,14.221
LOT123,W02,-4,6,1,IDQ_MA,43.86
LOT123,W02,-4,7,1,GAIN_DB,12.500
LOT123,W02,-4,7,1,NF_DB,2.361
LOT123,W02,-4,7,1,IP3_DBM,16.696
LOT123,W02,-4,7,1,IDQ_MA,44.98
LOT123,W02,-3,-8,1,GAIN_DB,11.947
LOT123,W02,-3,-8,1,NF_DB,2.066
LOT123,W02,-3,-8,1,IP3_DBM,17.648
LOT123,W02,-3,-8,1,IDQ_MA,53.58
LOT123,W02,-3,-7,2,GAIN_DB,13.477
LOT123,W02,-3,-7,2,NF_DB,1.827
LOT123,W02,-3,-7,2,IP3_DBM,17.313
LOT123,W02,-3,-7,2,IDQ_MA,45.37
LOT123,W02,-3,-6,1,GAIN_DB,12.211
LOT123,W02,-3,-6,1,NF_DB,1.767
LOT123,W02,-3,-6,1,IP3_DBM,17.331
LOT123,W02,-3,-6,1,IDQ_MA,48.38
LOT123,W02,-3,-5,1,GAIN_DB,11.454
LOT123,W02,-3,-5,1,NF_DB,2.099
LOT123,W02,-3,-5,1,IP3_DBM,16.877
LOT123,W02,-3,-5,1,IDQ_MA,47.42
LOT123,W02,-3,-4,1,GAIN_DB,12.473
LOT123,W02,-3,-4,1,NF_DB,2.087
LOT123,W02,-3,-4,1,IP3_DBM,17.629
LOT123,W02,-3,-4,1,IDQ_MA,39.17
LOT123,W02,-3,-3,1,GAIN_DB,11.413
LOT123,W02,-3,-3,1,NF_DB,2.093
LOT123,W02,-3,-3,1,IP3_DBM,17.765
LOT123,W02,-3,-3,1,IDQ_MA,34.78
LOT123,W02,-3,-2,1,GAIN_DB,12.002
LOT123,W02,-3,-2,1,NF_DB,2.098
LOT123,W02,-3,-2,1,IP3_DBM,19.466
LOT123,W02,-3,-2,1,IDQ_MA,41.26
LOT123,W02,-3,-1,1,GAIN_DB,12.737
LOT123,W02,-3,-1,1,NF_DB,1.984
LOT123,W02,-3,-1,1,IP3_DBM,15.952
LOT123,W02,-3,-1,1,IDQ_MA,42.47
LOT123,W02,-3,0,1,GAIN_DB,11.748
LOT123,W02,-3,0,1,NF_DB,2.005
LOT123,W02,-3,0,1,IP3_DBM,19.670
LOT123,W02,-3,0,1,IDQ_MA,52.88
LOT123,W02,-3,1,2,GAIN_DB,12.126
LOT123,W02,-3,1,2,NF_DB,1.522
LOT123,W02,-3,1,2,IP3_DBM,17.788
LOT123,W02,-3,1,2,IDQ_MA,56.91
LOT123,W02,-3,2,1,GAIN_DB,13.204
LOT123,W02,-3,2,1,NF_DB,1.665
LOT123,W02,-3,2,1,IP3_DBM,19.565
LOT123,W02,-3,2,1,IDQ_MA,42.64
LOT123,W02,-3,3,1,GAIN_DB,12.299
LOT123,W02,-3,3,1,NF_DB,2.136
LOT123,W02,-3,3,1,IP3_DBM,16.337
LOT123,W02,-3,3,1,IDQ_MA,50.30
LOT123,W02,-3,4,1,GAIN_DB,12.002
LOT123,W02,-3,4,1,NF_DB,2.452
LOT123,W02,-3,4,1,IP3_DBM,18.607
LOT123,W02,-3,4,1,IDQ_MA,36.54
LOT123,W02,-3,5,1,GAIN_DB,11.615
LOT123,W02,-3,5,1,NF_DB,1.808
LOT123,W02,-3,5,1,IP3_DBM,18.446
LOT123,W02,-3,5,1,IDQ_MA,50.56
LOT123,W02,-3,6,1,GAIN_DB,13.237
LOT123,W02,-3,6,1,NF_DB,2.180
LOT123,W02,-3,6,1,IP3_DBM,17.410
LOT123,W02,-3,6,1,IDQ_MA,56.18
LOT123,W02,-3,7,1,GAIN_DB,12.064
LOT123,W02,-3,7,1,NF_DB,2.041
LOT123,W02,-3,7,1,IP3_DBM,17.089
LOT123,W02,-3,7,1,IDQ_MA,40.44
LOT123,W02,-3,8,1,GAIN_DB,12.070
LOT123,W02,-3,8,1,NF_DB,1.979
LOT123,W02,-3,8,1,IP3_DBM,20.108
LOT123,W02,-3,8,1,IDQ_MA,44.79
LOT123,W02,-2,-8,1,GAIN_DB,11.821
LOT123,W02,-2,-8,1,NF_DB,1.864
LOT123,W02,-2,-8,1,IP3_DBM,17.546
LOT123,W02,-2,-8,1,IDQ_MA,47.60
LOT123,W02,-2,-7,1,GAIN_DB,11.367
LOT123,W02,-2,-7,1,NF_DB,1.998
LOT123,W02,-2,-7,1,IP3_DBM,15.355
LOT123,W02,-2,-7,1,IDQ_MA,45.13
LOT123,W02,-2,-6,1,GAIN_DB,12.360
LOT123,W02,-2,-6,1,NF_DB,2.267
LOT123,W02,-2,-6,1,IP3_DBM,18.852
LOT123,W02,-2,-6,1,IDQ_MA,44.40
LOT123,W02,-2,-5,1,GAIN_DB,12.442
LOT123,W02,-2,-5,1,NF_DB,1.925
LOT123,W02,-2,-5,1,IP3_DBM,17.412
LOT123,W02,-2,-5,1,IDQ_MA,34.34
LOT123,W02,-2,-4,1,GAIN_DB,13.626
LOT123,W02,-2,-4,1,NF_DB,2.591
LOT123,W02,-2,-4,1,IP3_DBM,15.460
LOT123,W02,-2,-4,1,IDQ_MA,44.13
LOT123,W02,-2,-3,1,GAIN_DB,12.880
LOT123,W02,-2,-3,1,NF_DB,1.928
LOT123,W02,-2,-3,1,IP3_DBM,19.767
LOT123,W02,-2,-3,1,IDQ_MA,43.29
LOT123,W02,-2,-2,2,GAIN_DB,11.602
LOT123,W02,-2,-2,2,NF_DB,2.126
LOT123,W02,-2,-2,2,IP3_DBM,17.283
LOT123,W02,-2,-2,2,IDQ_MA,43.52
LOT123,W02,-2,-1,1,GAIN_DB,12.655
LOT123,W02,-2,-1,1,NF_DB,2.241
LOT123,W02,-2,-1,1,IP3_DBM,16.478
LOT123,W02,-2,-1,1,IDQ_MA,46.69
LOT123,W02,-2,0,1,GAIN_DB,12.440
LOT123,W02,-2,0,1,NF_DB,2.608
LOT123,W02,-2,0,1,IP3_DBM,19.847
LOT123,W02,-2,0,1,IDQ_MA,44.15
LOT123,W02,-2,1,1,GAIN_DB,13.535
LOT123,W02,-2,1,1,NF_DB,2.166
LOT123,W02,-2,1,1,IP3_DBM,16.511
LOT123,W02,-2,1,1,IDQ_MA,51.43
LOT123,W02,-2,2,1,GAIN_DB,11.872
LOT123,W02,-2,2,1,NF_DB,1.907
LOT123,W02,-2,2,1,IP3_DBM,16.576
LOT123,W02,-2,2,1,IDQ_MA,46.80
LOT123,W02,-2,3,1,GAIN_DB,12.252
LOT123,W02,-2,3,1,NF_DB,2.016
LOT123,W02,-2,3,1,IP3_DBM,16.218
LOT123,W02,-2,3,1,IDQ_MA,43.39
LOT123,W02,-2,4,1,GAIN_DB,12.139
LOT123,W02,-2,4,1,NF_DB,1.931
LOT123,W02,-2,4,1,IP3_DBM,20.627
LOT123,W02,-2,4,1,IDQ_MA,50.20
LOT123,W02,-2,5,1,GAIN_DB,12.403
LOT123,W02,-2,5,1,NF_DB,2.050
LOT123,W02,-2,5,1,IP3_DBM,19.527
LOT123,W02,-2,5,1,IDQ_MA,54.10
LOT123,W02,-2,6,2,GAIN_DB,12.405
LOT123,W02,-2,6,2,NF_DB,1.787
LOT123,W02,-2,6,2,IP3_DBM,18.067
LOT123,W02,-2,6,2,IDQ_MA,38.86
LOT123,W02,-2,7,1,GAIN_DB,12.846
LOT123,W02,-2,7,1,NF_DB,2.274
LOT123,W02,-2,7,1,IP3_DBM,19.014
LOT123,W02,-2,7,1,IDQ_MA,44.59
LOT123,W02,-2,8,1,GAIN_DB,12.908
LOT123,W02,-2,8,1,NF_DB,2.132
LOT123,W02,-2,8,1,IP3_DBM,17.902
LOT123,W02,-2,8,1,IDQ_MA,48.74
LOT123,W02,-1,-8,2,GAIN_DB,13.263
LOT123,W02,-1,-8,2,NF_DB,2.129
LOT123,W02,-1,-8,2,IP3_DBM,17.235
LOT123,W02,-1,-8,2,IDQ_MA,41.53
LOT123,W02,-1,-7,1,GAIN_DB,12.255
LOT123,W02,-1,-7,1,NF_DB,2.201
LOT123,W02,-1,-7,1,IP3_DBM,16.260
LOT123,W02,-1,-7,1,IDQ_MA,34.66
LOT123,W02,-1,-6,1,GAIN_DB,11.303
LOT123,W02,-1,-6,1,NF_DB,2.099
LOT123,W02,-1,-6,1,IP3_DBM,20.422
LOT123,W02,-1,-6,1,IDQ_MA,43.97
LOT123,W02,-1,-5,1,GAIN_DB,11.492
LOT123,W02,-1,-5,1,NF_DB,1.905
LOT123,W02,-1,-5,1,IP3_DBM,20.117
LOT123,W02,-1,-5,1,IDQ_MA,44.37
LOT123,W02,-1,-4,1,GAIN_DB,13.459
LOT123,W02,-1,-4,1,NF_DB,2.620
LOT123,W02,-1,-4,1,IP3_DBM,16.214
LOT123,W02,-1,-4,1,IDQ_MA,37.25
LOT123,W02,-1,-3,1,GAIN_DB,12.627
LOT123,W02,-1,-3,1,NF_DB,2.119
LOT123,W02,-1,-3,1,IP3_DBM,17.392
LOT123,W02,-1,-3,1,IDQ_MA,52.15
LOT123,W02,-1,-2,1,GAIN_DB,13.369
LOT123,W02,-1,-2,1,NF_DB,2.212
LOT123,W02,-1,-2,1,IP3_DBM,16.020
LOT123,W02,-1,-2,1,IDQ_MA,52.16
LOT123,W02,-1,-1,1,GAIN_DB,13.270
LOT123,W02,-1,-1,1,NF_DB,1.965
LOT123,W02,-1,-1,1,IP3_DBM,19.628
LOT123,W02,-1,-1,1,IDQ_MA,42.80
LOT123,W02,-1,0,2,GAIN_DB,12.950
LOT123,W02,-1,0,2,NF_DB,2.440
LOT123,W02,-1,0,2,IP3_DBM,17.833
LOT123,W02,-1,0,2,IDQ_MA,47.80
LOT123,W02,-1,1,1,GAIN_DB,10.425
LOT123,W02,-1,1,1,NF_DB,2.279
LOT123,W02,-1,1,1,IP3_DBM,18.951
LOT123,W02,-1,1,1,IDQ_MA,41.45
LOT123,W02,-1,2,1,GAIN_DB,12.670
LOT123,W02,-1,2,1,NF_DB,1.886
LOT123,W02,-1,2,1,IP3_DBM,17.448
LOT123,W02,-1,2,1,IDQ_MA,43.62
LOT123,W02,-1,3,1,GAIN_DB,11.335
LOT123,W02,-1,3,1,NF_DB,1.276
LOT123,W02,-1,3,1,IP3_DBM,15.643
LOT123,W02,-1,3,1,IDQ_MA,49.08
LOT123,W02,-1,4,1,GAIN_DB,11.320
LOT123,W02,-1,4,1,NF_DB,2.011
LOT123,W02,-1,4,1,IP3_DBM,17.859
LOT123,W02,-1,4,1,IDQ_MA,47.69
LOT123,W02,-1,5,1,GAIN_DB,13.281
LOT123,W02,-1,5,1,NF_DB,1.969
LOT123,W02,-1,5,1,IP3_DBM,19.465
LOT123,W02,-1,5,1,IDQ_MA,53.71
LOT123,W02,-1,6,1,GAIN_DB,12.306
LOT123,W02,-1,6,1,NF_DB,2.041
LOT123,W02,-1,6,1,IP3_DBM,18.560
LOT123,W02,-1,6,1,IDQ_MA,44.67
LOT123,W02,-1,7,2,GAIN_DB,13.140
LOT123,W02,-1,7,2,NF_DB,1.888
LOT123,W02,-1,7,2,IP3_DBM,16.175
LOT123,W02,-1,7,2,IDQ_MA,52.39
LOT123,W02,-1,8,1,GAIN_DB,12.372
LOT123,W02,-1,8,1,NF_DB,1.768
LOT123,W02,-1,8,1,IP3_DBM,17.901
LOT123,W02,-1,8,1,IDQ_MA,46.16
LOT123,W02,0,-8,1,GAIN_DB,12.822
LOT123,W02,0,-8,1,NF_DB,2.100
LOT123,W02,0,-8,1,IP3_DBM,18.077
LOT123,W02,0,-8,1,IDQ_MA,43.75
LOT123,W02,0,-7,1,GAIN_DB,12.092
LOT123,W02,0,-7,1,NF_DB,1.336
LOT123,W02,0,-7,1,IP3_DBM,16.994
LOT123,W02,0,-7,1,IDQ_MA,40.07
LOT123,W02,0,-6,1,GAIN_DB,12.050
LOT123,W02,0,-6,1,NF_DB,2.686
LOT123,W02,0,-6,1,IP3_DBM,21.621
LOT123,W02,0,-6,1,IDQ_MA,39.57
LOT123,W02,0,-5,1,GAIN_DB,12.740
LOT123,W02,0,-5,1,NF_DB,2.079
LOT123,W02,0,-5,1,IP3_DBM,16.164
LOT123,W02,0,-5,1,IDQ_MA,52.79
LOT123,W02,0,-4,1,GAIN_DB,13.290
LOT123,W02,0,-4,1,NF_DB,2.544
LOT123,W02,0,-4,1,IP3_DBM,17.829
LOT123,W02,0,-4,1,IDQ_MA,39.07
LOT123,W02,0,-3,1,GAIN_DB,12.073
LOT123,W02,0,-3,1,NF_DB,2.002
LOT123,W02,0,-3,1,IP3_DBM,19.913
LOT123,W02,0,-3,1,IDQ_MA,44.18
LOT123,W02,0,-2,2,GAIN_DB,11.555
LOT123,W02,0,-2,2,NF_DB,1.394
LOT123,W02,0,-2,2,IP3_DBM,20.265
LOT123,W02,0,-2,2,IDQ_MA,40.64
LOT123,W02,0,-1,1,GAIN_DB,12.262
LOT123,W02,0,-1,1,NF_DB,1.913
LOT123,W02,0,-1,1,IP3_DBM,16.952
LOT123,W02,0,-1,1,IDQ_MA,51.41
LOT123,W02,0,0,1,GAIN_DB,12.218
LOT123,W02,0,0,1,NF_DB,1.735
LOT123,W02,0,0,1,IP3_DBM,17.024
LOT123,W02,0,0,1,IDQ_MA,45.97
LOT123,W02,0,1,1,GAIN_DB,12.965
LOT123,W02,0,1,1,NF_DB,2.263
LOT123,W02,0,1,1,IP3_DBM,17.001
LOT123,W02,0,1,1,IDQ_MA,38.24
LOT123,W02,0,2,2,GAIN_DB,11.978
LOT123,W02,0,2,2,NF_DB,2.126
LOT123,W02,0,2,2,IP3_DBM,17.098
LOT123,W02,0,2,2,IDQ_MA,46.38
LOT123,W02,0,3,1,GAIN_DB,12.540
LOT123,W02,0,3,1,NF_DB,2.166
LOT123,W02,0,3,1,IP3_DBM,17.747
LOT123,W02,0,3,1,IDQ_MA,47.44
LOT123,W02,0,4,1,GAIN_DB,12.439
LOT123,W02,0,4,1,NF_DB,2.048
LOT123,W02,0,4,1,IP3_DBM,14.489
LOT123,W02,0,4,1,IDQ_MA,38.73
LOT123,W02,0,5,1,GAIN_DB,11.579
LOT123,W02,0,5,1,NF_DB,2.128
LOT123,W02,0,5,1,IP3_DBM,17.250
LOT123,W02,0,5,1,IDQ_MA,50.91
LOT123,W02,0,6,1,GAIN_DB,12.014
LOT123,W02,0,6,1,NF_DB,2.222
LOT123,W02,0,6,1,IP3_DBM,16.488
LOT123,W02,0,6,1,IDQ_MA,54.97
LOT123,W02,0,7,1,GAIN_DB,12.320
LOT123,W02,0,7,1,NF_DB,2.216
LOT123,W02,0,7,1,IP3_DBM,19.035
LOT123,W02,0,7,1,IDQ_MA,33.56
LOT123,W02,0,8,1,GAIN_DB,11.761
LOT123,W02,0,8,1,NF_DB,2.147
LOT123,W02,0,8,1,IP3_DBM,18.461
LOT123,W02,0,8,1,IDQ_MA,47.43
LOT123,W02,1,-8,1,GAIN_DB,11.758
LOT123,W02,1,-8,1,NF_DB,2.299
LOT123,W02,1,-8,1,IP3_DBM,13.893
LOT123,W02,1,-8,1,IDQ_MA,45.17
LOT123,W02,1,-7,2,GAIN_DB,13.682
LOT123,W02,1,-7,2,NF_DB,2.065
LOT123,W02,1,-7,2,IP3_DBM,15.125
LOT123,W02,1,-7,2,IDQ_MA,46.51
LOT123,W02,1,-6,2,GAIN_DB,12.088
LOT123,W02,1,-6,2,NF_DB,1.993
LOT123,W02,1,-6,2,IP3_DBM,20.453
LOT123,W02,1,-6,2,IDQ_MA,49.46
LOT123,W02,1,-5,1,GAIN_DB,13.610
LOT123,W02,1,-5,1,NF_DB,2.833
LOT123,W02,1,-5,1,IP3_DBM,17.627
LOT123,W02,1,-5,1,IDQ_MA,48.93
LOT123,W02,1,-4,1,GAIN_DB,13.331
LOT123,W02,1,-4,1,NF_DB,1.890
LOT123,W02,1,-4,1,IP3_DBM,18.198
LOT123,W02,1,-4,1,IDQ_MA,43.47
LOT123,W02,1,-3,1,GAIN_DB,12.113
LOT123,W02,1,-3,1,NF_DB,2.017
LOT123,W02,1,-3,1,IP3_DBM,16.536
LOT123,W02,1,-3,1,IDQ_MA,48.36
LOT123,W02,1,-2,1,GAIN_DB,12.180
LOT123,W02,1,-2,1,NF_DB,2.003
LOT123,W02,1,-2,1,IP3_DBM,17.235
LOT123,W02,1,-2,1,IDQ_MA,52.13
LOT123,W02,1,-1,1,GAIN_DB,11.914
LOT123,W02,1,-1,1,NF_DB,2.047
LOT123,W02,1,-1,1,IP3_DBM,18.657
LOT123,W02,1,-1,1,IDQ_MA,50.13
LOT123,W02,1,0,1,GAIN_DB,11.995
LOT123,W02,1,0,1,NF_DB,2.268
LOT123,W02,1,0,1,IP3_DBM,15.749
LOT123,W02,1,0,1,IDQ_MA,46.35
LOT123,W02,1,1,2,GAIN_DB,14.587
LOT123,W02,1,1,2,NF_DB,2.175
LOT123,W02,1,1,2,IP3_DBM,17.584
LOT123,W02,1,1,2,IDQ_MA,42.86
LOT123,W02,1,2,2,GAIN_DB,11.369
LOT123,W02,1,2,2,NF_DB,2.335
LOT123,W02,1,2,2,IP3_DBM,20.730
LOT123,W02,1,2,2,IDQ_MA,47.85
LOT123,W02,1,3,1,GAIN_DB,11.829
LOT123,W02,1,3,1,NF_DB,1.975
LOT123,W02,1,3,1,IP3_DBM,16.302
LOT123,W02,1,3,1,IDQ_MA,44.31
LOT123,W02,1,4,1,GAIN_DB,12.748
LOT123,W02,1,4,1,NF_DB,1.914
LOT123,W02,1,4,1,IP3_DBM,18.088
LOT123,W02,1,4,1,IDQ_MA,52.98
LOT123,W02,1,5,1,GAIN_DB,12.061
LOT123,W02,1,5,1,NF_DB,2.210
LOT123,W02,1,5,1,IP3_DBM,19.871
LOT123,W02,1,5,1,IDQ_MA,45.47
LOT123,W02,1,6,1,GAIN_DB,12.450
LOT123,W02,1,6,1,NF_DB,2.329
LOT123,W02,1,6,1,IP3_DBM,19.120
LOT123,W02,1,6,1,IDQ_MA,47.94
LOT123,W02,1,7,2,GAIN_DB,13.090
LOT123,W02,1,7,2,NF_DB,1.940
LOT123,W02,1,7,2,IP3_DBM,19.480
LOT123,W02,1,7,2,IDQ_MA,41.11
LOT123,W02,1,8,1,GAIN_DB,12.995
LOT123,W02,1,8,1,NF_DB,1.795
LOT123,W02,1,8,1,IP3_DBM,17.388
LOT123,W02,1,8,1,IDQ_MA,41.27
LOT123,W02,2,-8,1,GAIN_DB,11.387
LOT123,W02,2,-8,1,NF_DB,2.461
LOT123,W02,2,-8,1,IP3_DBM,17.632
LOT123,W02,2,-8,1,IDQ_MA,36.42
LOT123,W02,2,-7,1,GAIN_DB,13.583
LOT123,W02,2,-7,1,NF_DB,2.456
LOT123,W02,2,-7,1,IP3_DBM,17.780
LOT123,W02,2,-7,1,IDQ_MA,37.14
LOT123,W02,2,-6,1,GAIN_DB,13.377
LOT123,W02,2,-6,1,NF_DB,1.984
LOT123,W02,2,-6,1,IP3_DBM,19.458
LOT123,W02,2,-6,1,IDQ_MA,40.54
LOT123,W02,2,-5,1,GAIN_DB,11.792
LOT123,W02,2,-5,1,NF_DB,2.280
LOT123,W02,2,-5,1,IP3_DBM,17.534
LOT123,W02,2,-5,1,IDQ_MA,55.15
LOT123,W02,2,-4,1,GAIN_DB,11.974
LOT123,W02,2,-4,1,NF_DB,2.339
LOT123,W02,2,-4,1,IP3_DBM,19.537
LOT123,W02,2,-4,1,IDQ_MA,45.53
LOT123,W02,2,-3,1,GAIN_DB,12.160
LOT123,W02,2,-3,1,NF_DB,2.102
LOT123,W02,2,-3,1,IP3_DBM,17.411
LOT123,W02,2,-3,1,IDQ_MA,51.64
LOT123,W02,2,-2,1,GAIN_DB,12.141
LOT123,W02,2,-2,1,NF_DB,1.768
LOT123,W02,2,-2,1,IP3_DBM,18.329
LOT123,W02,2,-2,1,IDQ_MA,49.59
LOT123,W02,2,-1,1,GAIN_DB,12.829
LOT123,W02,2,-1,1,NF_DB,1.917
LOT123,W02,2,-1,1,IP3_DBM,17.784
LOT123,W02,2,-1,1,IDQ_MA,46.81
LOT123,W02,2,0,1,GAIN_DB,13.518
LOT123,W02,2,0,1,NF_DB,1.871
LOT123,W02,2,0,1,IP3_DBM,17.921
LOT123,W02,2,0,1,IDQ_MA,46.83
LOT123,W02,2,1,1,GAIN_DB,13.827
LOT123,W02,2,1,1,NF_DB,1.307
LOT123,W02,2,1,1,IP3_DBM,21.468
LOT123,W02,2,1,1,IDQ_MA,50.05
LOT123,W02,2,2,1,GAIN_DB,13.064
LOT123,W02,2,2,1,NF_DB,2.467
LOT123,W02,2,2,1,IP3_DBM,20.026
LOT123,W02,2,2,1,IDQ_MA,39.08
LOT123,W02,2,3,1,GAIN_DB,11.374
LOT123,W02,2,3,1,NF_DB,1.763
LOT123,W02,2,3,1,IP3_DBM,16.647
LOT123,W02,2,3,1,IDQ_MA,43.52
LOT123,W02,2,4,2,GAIN_DB,12.625
LOT123,W02,2,4,2,NF_DB,2.273
LOT123,W02,2,4,2,IP3_DBM,17.455
LOT123,W02,2,4,2,IDQ_MA,41.78
LOT123,W02,2,5,1,GAIN_DB,13.264
LOT123,W02,2,5,1,NF_DB,2.277
LOT123,W02,2,5,1,IP3_DBM,17.348
LOT123,W02,2,5,1,IDQ_MA,46.23
LOT123,W02,2,6,1,GAIN_DB,12.547
LOT123,W02,2,6,1,NF_DB,2.224
LOT123,W02,2,6,1,IP3_DBM,16.936
LOT123,W02,2,6,1,IDQ_MA,46.39
LOT123,W02,2,7,1,GAIN_DB,11.452
LOT123,W02,2,7,1,NF_DB,1.979
LOT123,W02,2,7,1,IP3_DBM,17.425
LOT123,W02,2,7,1,IDQ_MA,50.74
LOT123,W02,2,8,1,GAIN_DB,12.621
LOT123,W02,2,8,1,NF_DB,1.621
LOT123,W02,2,8,1,IP3_DBM,18.863
LOT123,W02,2,8,1,IDQ_MA,45.86
LOT123,W02,3,-8,1,GAIN_DB,11.189
LOT123,W02,3,-8,1,NF_DB,2.201
LOT123,W02,3,-8,1,IP3_DBM,19.931
LOT123,W02,3,-8,1,IDQ_MA,42.37
LOT123,W02,3,-7,1,GAIN_DB,11.923
LOT123,W02,3,-7,1,NF_DB,1.804
LOT123,W02,3,-7,1,IP3_DBM,16.958
LOT123,W02,3,-7,1,IDQ_MA,38.29
LOT123,W02,3,-6,1,GAIN_DB,11.283
LOT123,W02,3,-6,1,NF_DB,2.182
LOT123,W02,3,-6,1,IP3_DBM,18.393
LOT123,W02,3,-6,1,IDQ_MA,43.63
LOT123,W02,3,-5,1,GAIN_DB,13.343
LOT123,W02,3,-5,1,NF_DB,2.328
LOT123,W02,3,-5,1,IP3_DBM,18.811
LOT123,W02,3,-5,1,IDQ_MA,54.03
LOT123,W02,3,-4,1,GAIN_DB,11.157
LOT123,W02,3,-4,1,NF_DB,1.264
LOT123,W02,3,-4,1,IP3_DBM,17.633
LOT123,W02,3,-4,1,IDQ_MA,46.08
LOT123,W02,3,-3,1,GAIN_DB,13.525
LOT123,W02,3,-3,1,NF_DB,2.187
LOT123,W02,3,-3,1,IP3_DBM,17.456
LOT123,W02,3,-3,1,IDQ_MA,44.02
LOT123,W02,3,-2,1,GAIN_DB,12.784
LOT123,W02,3,-2,1,NF_DB,2.619
LOT123,W02,3,-2,1,IP3_DBM,16.902
LOT123,W02,3,-2,1,IDQ_MA,44.56
LOT123,W02,3,-1,1,GAIN_DB,12.255
LOT123,W02,3,-1,1,NF_DB,1.898
LOT123,W02,3,-1,1,IP3_DBM,15.122
LOT123,W02,3,-1,1,IDQ_MA,46.24
LOT123,W02,3,0,1,GAIN_DB,13.120
LOT123,W02,3,0,1,NF_DB,1.901
LOT123,W02,3,0,1,IP3_DBM,17.483
LOT123,W02,3,0,1,IDQ_MA,50.09
LOT123,W02,3,1,2,GAIN_DB,13.843
LOT123,W02,3,1,2,NF_DB,2.477
LOT123,W02,3,1,2,IP3_DBM,20.010
LOT123,W02,3,1,2,IDQ_MA,56.97
LOT123,W02,3,2,1,GAIN_DB,13.354
LOT123,W02,3,2,1,NF_DB,1.949
LOT123,W02,3,2,1,IP3_DBM,18.469
LOT123,W02,3,2,1,IDQ_MA,43.36
LOT123,W02,3,3,1,GAIN_DB,13.439
LOT123,W02,3,3,1,NF_DB,1.718
LOT123,W02,3,3,1,IP3_DBM,17.003
LOT123,W02,3,3,1,IDQ_MA,48.88
LOT123,W02,3,4,1,GAIN_DB,12.802
LOT123,W02,3,4,1,NF_DB,2.324
LOT123,W02,3,4,1,IP3_DBM,18.706
LOT123,W02,3,4,1,IDQ_MA,49.91
LOT123,W02,3,5,1,GAIN_DB,13.474
LOT123,W02,3,5,1,NF_DB,2.285
LOT123,W02,3,5,1,IP3_DBM,17.624
LOT123,W02,3,5,1,IDQ_MA,48.74
LOT123,W02,3,6,1,GAIN_DB,12.849
LOT123,W02,3,6,1,NF_DB,1.805
LOT123,W02,3,6,1,IP3_DBM,15.570
LOT123,W02,3,6,1,IDQ_MA,41.31
LOT123,W02,3,7,1,GAIN_DB,12.446
LOT123,W02,3,7,1,NF_DB,2.095
LOT123,W02,3,7,1,IP3_DBM,17.226
LOT123,W02,3,7,1,IDQ_MA,46.26
LOT123,W02,3,8,1,GAIN_DB,13.315
LOT123,W02,3,8,1,NF_DB,1.487
LOT123,W02,3,8,1,IP3_DBM,16.921
LOT123,W02,3,8,1,IDQ_MA,44.63
LOT123,W02,4,-7,2,GAIN_DB,11.391
LOT123,W02,4,-7,2,NF_DB,1.995
LOT123,W02,4,-7,2,IP3_DBM,16.714
LOT123,W02,4,-7,2,IDQ_MA,48.50
LOT123,W02,4,-6,1,GAIN_DB,12.593
LOT123,W02,4,-6,1,NF_DB,1.746
LOT123,W02,4,-6,1,IP3_DBM,16.398
LOT123,W02,4,-6,1,IDQ_MA,44.09
LOT123,W02,4,-5,1,GAIN_DB,12.573
LOT123,W02,4,-5,1,NF_DB,2.138
LOT123,W02,4,-5,1,IP3_DBM,17.029
LOT123,W02,4,-5,1,IDQ_MA,43.69
LOT123,W02,4,-4,2,GAIN_DB,12.784
LOT123,W02,4,-4,2,NF_DB,2.173
LOT123,W02,4,-4,2,IP3_DBM,16.984
LOT123,W02,4,-4,2,IDQ_MA,48.30
LOT123,W02,4,-3,1,GAIN_DB,12.546
LOT123,W02,4,-3,1,NF_DB,1.853
LOT123,W02,4,-3,1,IP3_DBM,19.648
LOT123,W02,4,-3,1,IDQ_MA,40.56
LOT123,W02,4,-2,1,GAIN_DB,12.267
LOT123,W02,4,-2,1,NF_DB,2.152
LOT123,W02,4,-2,1,IP3_DBM,19.108
LOT123,W02,4,-2,1,IDQ_MA,42.52
LOT123,W02,4,-1,1,GAIN_DB,13.670
LOT123,W02,4,-1,1,NF_DB,2.483
LOT123,W02,4,-1,1,IP3_DBM,18.098
LOT123,W02,4,-1,1,IDQ_MA,41.83
LOT123,W02,4,0,1,GAIN_DB,12.115
LOT123,W02,4,0,1,NF_DB,2.181
LOT123,W02,4,0,1,IP3_DBM,17.264
LOT123,W02,4,0,1,IDQ_MA,49.41
LOT123,W02,4,1,1,GAIN_DB,12.214
LOT123,W02,4,1,1,NF_DB,1.993
LOT123,W02,4,1,1,IP3_DBM,19.859
LOT123,W02,4,1,1,IDQ_MA,41.45
LOT123,W02,4,2,1,GAIN_DB,12.256
LOT123,W02,4,2,1,NF_DB,2.430
LOT123,W02,4,2,1,IP3_DBM,19.467
LOT123,W02,4,2,1,IDQ_MA,48.67
LOT123,W02,4,3,1,GAIN_DB,13.762
LOT123,W02,4,3,1,NF_DB,1.559
LOT123,W02,4,3,1,IP3_DBM,20.514
LOT123,W02,4,3,1,IDQ_MA,43.73
LOT123,W02,4,4,1,GAIN_DB,11.900
LOT123,W02,4,4,1,NF_DB,2.621
LOT123,W02,4,4,1,IP3_DBM,17.237
LOT123,W02,4,4,1,IDQ_MA,39.97
LOT123,W02,4,5,1,GAIN_DB,12.915
LOT123,W02,4,5,1,NF_DB,1.614
LOT123,W02,4,5,1,IP3_DBM,20.070
LOT123,W02,4,5,1,IDQ_MA,46.77
LOT123,W02,4,6,1,GAIN_DB,12.288
LOT123,W02,4,6,1,NF_DB,2.482
LOT123,W02,4,6,1,IP3_DBM,17.211
LOT123,W02,4,6,1,IDQ_MA,45.53
LOT123,W02,4,7,1,GAIN_DB,12.996
LOT123,W02,4,7,1,NF_DB,2.233
LOT123,W02,4,7,1,IP3_DBM,17.409
LOT123,W02,4,7,1,IDQ_MA,45.57
LOT123,W02,5,-7,1,GAIN_DB,13.243
LOT123,W02,5,-7,1,NF_DB,1.918
LOT123,W02,5,-7,1,IP3_DBM,15.846
LOT123,W02,5,-7,1,IDQ_MA,50.95
LOT123,W02,5,-6,1,GAIN_DB,12.936
LOT123,W02,5,-6,1,NF_DB,2.438
LOT123,W02,5,-6,1,IP3_DBM,15.950
LOT123,W02,5,-6,1,IDQ_MA,47.47
LOT123,W02,5,-5,1,GAIN_DB,12.060
LOT123,W02,5,-5,1,NF_DB,1.812
LOT123,W02,5,-5,1,IP3_DBM,20.881
LOT123,W02,5,-5,1,IDQ_MA,40.54
LOT123,W02,5,-4,1,GAIN_DB,12.548
LOT123,W02,5,-4,1,NF_DB,2.149
LOT123,W02,5,-4,1,IP3_DBM,16.817
LOT123,W02,5,-4,1,IDQ_MA,46.27
LOT123,W02,5,-3,1,GAIN_DB,12.764
LOT123,W02,5,-3,1,NF_DB,2.525
LOT123,W02,5,-3,1,IP3_DBM,19.452
LOT123,W02,5,-3,1,IDQ_MA,48.11
LOT123,W02,5,-2,1,GAIN_DB,12.975
LOT123,W02,5,-2,1,NF_DB,2.123
LOT123,W02,5,-2,1,IP3_DBM,19.053
LOT123,W02,5,-2,1,IDQ_MA,45.72
LOT123,W02,5,-1,1,GAIN_DB,13.229
LOT123,W02,5,-1,1,NF_DB,2.653
LOT123,W02,5,-1,1,IP3_DBM,16.287
LOT123,W02,5,-1,1,IDQ_MA,45.03
LOT123,W02,5,0,1,GAIN_DB,12.624
LOT123,W02,5,0,1,NF_DB,2.384
LOT123,W02,5,0,1,IP3_DBM,21.356
LOT123,W02,5,0,1,IDQ_MA,43.72
LOT123,W02,5,1,1,GAIN_DB,11.988
LOT123,W02,5,1,1,NF_DB,1.570
LOT123,W02,5,1,1,IP3_DBM,16.102
LOT123,W02,5,1,1,IDQ_MA,57.58
LOT123,W02,5,2,1,GAIN_DB,12.376
LOT123,W02,5,2,1,NF_DB,1.773
LOT123,W02,5,2,1,IP3_DBM,15.836
LOT123,W02,5,2,1,IDQ_MA,47.35
LOT123,W02,5,3,1,GAIN_DB,12.702
LOT123,W02,5,3,1,NF_DB,2.559
LOT123,W02,5,3,1,IP3_DBM,16.666
LOT123,W02,5,3,1,IDQ_MA,38.57
LOT123,W02,5,4,1,GAIN_DB,12.690
LOT123,W02,5,4,1,NF_DB,1.962
LOT123,W02,5,4,1,IP3_DBM,18.111
LOT123,W02,5,4,1,IDQ_MA,40.33
LOT123,W02,5,5,1,GAIN_DB,12.117
LOT123,W02,5,5,1,NF_DB,2.439
LOT123,W02,5,5,1,IP3_DBM,17.858
LOT123,W02,5,5,1,IDQ_MA,43.11
LOT123,W02,5,6,1,GAIN_DB,13.483
LOT123,W02,5,6,1,NF_DB,1.940
LOT123,W02,5,6,1,IP3_DBM,17.699
LOT123,W02,5,6,1,IDQ_MA,43.03
LOT123,W02,5,7,1,GAIN_DB,13.223
LOT123,W02,5,7,1,NF_DB,1.943
LOT123,W02,5,7,1,IP3_DBM,20.007
LOT123,W02,5,7,1,IDQ_MA,42.40
LOT123,W02,6,-6,1,GAIN_DB,12.298
LOT123,W02,6,-6,1,NF_DB,1.699
LOT123,W02,6,-6,1,IP3_DBM,18.817
LOT123,W02,6,-6,1,IDQ_MA,49.58
LOT123,W02,6,-5,1,GAIN_DB,11.251
LOT123,W02,6,-5,1,NF_DB,2.055
LOT123,W02,6,-5,1,IP3_DBM,18.293
LOT123,W02,6,-5,1,IDQ_MA,41.47
LOT123,W02,6,-4,1,GAIN_DB,13.224
LOT123,W02,6,-4,1,NF_DB,2.096
LOT123,W02,6,-4,1,IP3_DBM,18.479
LOT123,W02,6,-4,1,IDQ_MA,44.05
LOT123,W02,6,-3,1,GAIN_DB,11.263
LOT123,W02,6,-3,1,NF_DB,2.320
LOT123,W02,6,-3,1,IP3_DBM,19.621
LOT123,W02,6,-3,1,IDQ_MA,51.26
LOT123,W02,6,-2,2,GAIN_DB,14.587
LOT123,W02,6,-2,2,NF_DB,1.845
LOT123,W02,6,-2,2,IP3_DBM,18.888
LOT123,W02,6,-2,2,IDQ_MA,43.15
LOT123,W02,6,-1,1,GAIN_DB,13.125
LOT123,W02,6,-1,1,NF_DB,2.155
LOT123,W02,6,-1,1,IP3_DBM,20.436
LOT123,W02,6,-1,1,IDQ_MA,42.67
LOT123,W02,6,0,2,GAIN_DB,13.422
LOT123,W02,6,0,2,NF_DB,1.876
LOT123,W02,6,0,2,IP3_DBM,16.764
LOT123,W02,6,0,2,IDQ_MA,44.22
LOT123,W02,6,1,1,GAIN_DB,11.578
LOT123,W02,6,1,1,NF_DB,2.514
LOT123,W02,6,1,1,IP3_DBM,20.290
LOT123,W02,6,1,1,IDQ_MA,44.80
LOT123,W02,6,2,1,GAIN_DB,11.187
LOT123,W02,6,2,1,NF_DB,2.186
LOT123,W02,6,2,1,IP3_DBM,17.721
LOT123,W02,6,2,1,IDQ_MA,40.40
LOT123,W02,6,3,1,GAIN_DB,12.304
LOT123,W02,6,3,1,NF_DB,1.789
LOT123,W02,6,3,1,IP3_DBM,17.238
LOT123,W02,6,3,1,IDQ_MA,44.72
LOT123,W02,6,4,1,GAIN_DB,13.706
LOT123,W02,6,4,1,NF_DB,1.752
LOT123,W02,6,4,1,IP3_DBM,16.398
LOT123,W02,6,4,1,IDQ_MA,39.91
LOT123,W02,6,5,1,GAIN_DB,12.326
LOT123,W02,6,5,1,NF_DB,2.075
LOT123,W02,6,5,1,IP3_DBM,16.842
LOT123,W02,6,5,1,IDQ_MA,40.66
LOT123,W02,6,6,1,GAIN_DB,11.151
LOT123,W02,6,6,1,NF_DB,2.066
LOT123,W02,6,6,1,IP3_DBM,17.771
LOT123,W02,6,6,1,IDQ_MA,43.25
LOT123,W02,7,-5,1,GAIN_DB,10.878
LOT123,W02,7,-5,1,NF_DB,2.021
LOT123,W02,7,-5,1,IP3_DBM,17.758
LOT123,W02,7,-5,1,IDQ_MA,46.82
LOT123,W02,7,-4,1,GAIN_DB,11.702
LOT123,W02,7,-4,1,NF_DB,1.734
LOT123,W02,7,-4,1,IP3_DBM,19.751
LOT123,W02,7,-4,1,IDQ_MA,45.03
LOT123,W02,7,-3,2,GAIN_DB,12.382
LOT123,W02,7,-3,2,NF_DB,1.914
LOT123,W02,7,-3,2,IP3_DBM,18.803
LOT123,W02,7,-3,2,IDQ_MA,45.84
LOT123,W02,7,-2,2,GAIN_DB,12.003
LOT123,W02,7,-2,2,NF_DB,2.762
LOT123,W02,7,-2,2,IP3_DBM,19.511
LOT123,W02,7,-2,2,IDQ_MA,42.13
LOT123,W02,7,-1,1,GAIN_DB,13.072
LOT123,W02,7,-1,1,NF_DB,2.369
LOT123,W02,7,-1,1,IP3_DBM,18.234
LOT123,W02,7,-1,1,IDQ_MA,50.18
LOT123,W02,7,0,1,GAIN_DB,11.831
LOT123,W02,7,0,1,NF_DB,2.391
LOT123,W02,7,0,1,IP3_DBM,20.447
LOT123,W02,7,0,1,IDQ_MA,45.15
LOT123,W02,7,1,1,GAIN_DB,11.872
LOT123,W02,7,1,1,NF_DB,1.879
LOT123,W02,7,1,1,IP3_DBM,17.529
LOT123,W02,7,1,1,IDQ_MA,45.38
LOT123,W02,7,2,1,GAIN_DB,11.893
LOT123,W02,7,2,1,NF_DB,2.267
LOT123,W02,7,2,1,IP3_DBM,20.129
LOT123,W02,7,2,1,IDQ_MA,41.17
LOT123,W02,7,3,1,GAIN_DB,12.693
LOT123,W02,7,3,1,NF_DB,1.901
LOT123,W02,7,3,1,IP3_DBM,19.665
LOT123,W02,7,3,1,IDQ_MA,39.32
LOT123,W02,7,4,1,GAIN_DB,12.455
LOT123,W02,7,4,1,NF_DB,2.285
LOT123,W02,7,4,1,IP3_DBM,15.827
LOT123,W02,7,4,1,IDQ_MA,49.67
LOT123,W02,7,5,1,GAIN_DB,13.040
LOT123,W02,7,5,1,NF_DB,1.571
LOT123,W02,7,5,1,IP3_DBM,17.148
LOT123,W02,7,5,1,IDQ_MA,43.94
LOT123,W02,8,-3,1,GAIN_DB,10.103
LOT123,W02,8,-3,1,NF_DB,1.818
LOT123,W02,8,-3,1,IP3_DBM,15.980
LOT123,W02,8,-3,1,IDQ_MA,46.43
LOT123,W02,8,-2,1,GAIN_DB,12.291
LOT123,W02,8,-2,1,NF_DB,2.571
LOT123,W02,8,-2,1,IP3_DBM,17.092
LOT123,W02,8,-2,1,IDQ_MA,41.41
LOT123,W02,8,-1,1,GAIN_DB,12.150
LOT123,W02,8,-1,1,NF_DB,2.120
LOT123,W02,8,-1,1,IP3_DBM,19.282
LOT123,W02,8,-1,1,IDQ_MA,43.72
LOT123,W02,8,0,1,GAIN_DB,12.117
LOT123,W02,8,0,1,NF_DB,1.701
LOT123,W02,8,0,1,IP3_DBM,20.251
LOT123,W02,8,0,1,IDQ_MA,42.69
LOT123,W02,8,1,1,GAIN_DB,13.884
LOT123,W02,8,1,1,NF_DB,1.605
LOT123,W02,8,1,1,IP3_DBM,20.907
LOT123,W02,8,1,1,IDQ_MA,49.22
LOT123,W02,8,2,1,GAIN_DB,12.068
LOT123,W02,8,2,1,NF_DB,2.171
LOT123,W02,8,2,1,IP3_DBM,19.108
LOT123,W02,8,2,1,IDQ_MA,43.99
LOT123,W02,8,3,1,GAIN_DB,11.878
LOT123,W02,8,3,1,NF_DB,2.168
LOT123,W02,8,3,1,IP3_DBM,16.217
LOT123,W02,8,3,1,IDQ_MA,46.89
