LOT_ID,WAFER_ID,XSTEP,YSTEP,HARD_BIN,DEVICE_TYPE,OPERATOR,TEST_DATE
QUAL-2024-001,QV-01,-2,-18,1,DUT_A,JSMITH,2024-11-15
QUAL-2024-001,QV-01,-1,-18,1,DUT_A,JSMITH,2024-11-15
QUAL-2024-001,QV-01,2,-18,2,DUT_A,JSMITH,2024-11-15
QUAL-2024-001,QV-01,-7,-17,1,DUT_B,JSMITH,2024-11-15
QUAL-2024-001,QV-01,-6,-17,1,DUT_A,JSMITH,2024-11-15
QUAL-2024-001,QV-01,-5,-17,1,DUT_A,JSMITH,2024-11-15
QUAL-2024-001,QV-01,-3,-17,1,DUT_A,JSMITH,2024-11-15
QUAL-2024-001,QV-01,0,-17,1,DUT_A,JSMITH,2024-11-15
QUAL-2024-001,QV-01,3,-17,1,DUT_A,JSMITH,2024-11-15
QUAL-2024-001,QV-01,6,-17,1,DUT_A,JSMITH,2024-11-15
QUAL-2024-001,QV-01,7,-17,1,DUT_A,JSMITH,2024-11-15
QUAL-2024-001,QV-01,9,-17,1,DUT_A,JSMITH,2024-11-15
QUAL-2024-001,QV-01,-12,-16,2,DUT_A,JSMITH,2024-11-15
QUAL-2024-001,QV-01,-6,-16,1,DUT_A,JSMITH,2024-11-15
QUAL-2024-001,QV-01,-3,-16,1,DUT_A,JSMITH,2024-11-15
QUAL-2024-001,QV-01,-2,-16,1,DUT_B,JSMITH,2024-11-15
QUAL-2024-001,QV-01,-13,-15,1,DUT_A,JSMITH,2024-11-15
QUAL-2024-001,QV-01,-11,-15,1,DUT_A,JSMITH,2024-11-15
QUAL-2024-001,QV-01,-8,-15,1,DUT_A,JSMITH,2024-11-15
QUAL-2024-001,QV-01,0,-15,1,DUT_B,JSMITH,2024-11-15
QUAL-2024-001,QV-01,4,-15,1,DUT_A,JSMITH,2024-11-15
QUAL-2024-001,QV-01,13,-15,1,DUT_A,JSMITH,2024-11-15
QUAL-2024-001,QV-01,-11,-14,1,DUT_A,JSMITH,2024-11-15
QUAL-2024-001,QV-01,-9,-14,1,DUT_A,JSMITH,2024-11-15
QUAL-2024-001,QV-01,-8,-14,1,DUT_A,JSMITH,2024-11-15
QUAL-2024-001,QV-01,-7,-14,1,DUT_B,JSMITH,2024-11-15
QUAL-2024-001,QV-01,-4,-14,1,DUT_B,JSMITH,2024-11-15
QUAL-2024-001,QV-01,-2,-14,1,DUT_A,JSMITH,2024-11-15
QUAL-2024-001,QV-01,-1,-14,1,DUT_B,JSMITH,2024-11-15
QUAL-2024-001,QV-01,8,-14,1,DUT_B,JSMITH,2024-11-15
QUAL-2024-001,QV-01,12,-14,1,DUT_A,JSMITH,2024-11-15
QUAL-2024-001,QV-01,-19,-13,1,DUT_A,JSMITH,2024-11-15
QUAL-2024-001,QV-01,-17,-13,1,DUT_B,JSMITH,2024-11-15
QUAL-2024-001,QV-01,-16,-13,1,DUT_A,JSMITH,2024-11-15
QUAL-2024-001,QV-01,-15,-13,1,DUT_A,JSMITH,2024-11-15
QUAL-2024-001,QV-01,-10,-13,1,DUT_A,JSMITH,2024-11-15
QUAL-2024-001,QV-01,-9,-13,1,DUT_A,JSMITH,2024-11-15
QUAL-2024-001,QV-01,-5,-13,1,DUT_B,JSMITH,2024-11-15
QUAL-2024-001,QV-01,-2,-13,1,DUT_B,JSMITH,2024-11-15
QUAL-2024-001,QV-01,2,-13,1,DUT_A,JSMITH,2024-11-15
QUAL-2024-001,QV-01,5,-13,1,DUT_A,JSMITH,2024-11-15
QUAL-2024-001,QV-01,8,-13,1,DUT_A,JSMITH,2024-11-15
QUAL-2024-001,QV-01,11,-13,1,DUT_A,JSMITH,2024-11-15
QUAL-2024-001,QV-01,14,-13,1,DUT_A,JSMITH,2024-11-15
QUAL-2024-001,QV-01,16,-13,1,DUT_B,JSMITH,2024-11-15
QUAL-2024-001,QV-01,-20,-12,3,DUT_A,JSMITH,2024-11-15
QUAL-2024-001,QV-01,-14,-12,1,DUT_A,JSMITH,2024-11-15
QUAL-2024-001,QV-01,-8,-12,1,DUT_A,JSMITH,2024-11-15
QUAL-2024-001,QV-01,-1,-12,1,DUT_A,JSMITH,2024-11-15
QUAL-2024-001,QV-01,5,-12,1,DUT_A,JSMITH,2024-11-15
QUAL-2024-001,QV-01,6,-12,1,DUT_B,JSMITH,2024-11-15
QUAL-2024-001,QV-01,7,-12,1,DUT_A,JSMITH,2024-11-15
QUAL-2024-001,QV-01,9,-12,1,DUT_B,JSMITH,2024-11-15
QUAL-2024-001,QV-01,12,-12,1,DUT_B,JSMITH,2024-11-15
QUAL-2024-001,QV-01,-18,-11,1,DUT_A,JSMITH,2024-11-15
QUAL-2024-001,QV-01,-17,-11,1,DUT_A,JSMITH,2024-11-15
QUAL-2024-001,QV-01,-14,-11,1,DUT_A,JSMITH,2024-11-15
QUAL-2024-001,QV-01,-7,-11,1,DUT_B,JSMITH,2024-11-15
QUAL-2024-001,QV-01,-1,-11,1,DUT_B,JSMITH,2024-11-15
QUAL-2024-001,QV-01,1,-11,1,DUT_A,JSMITH,2024-11-15
QUAL-2024-001,QV-01,4,-11,1,DUT_A,JSMITH,2024-11-15
QUAL-2024-001,QV-01,9,-11,1,DUT_A,JSMITH,2024-11-15
QUAL-2024-001,QV-01,14,-11,1,DUT_B,JSMITH,2024-11-15
QUAL-2024-001,QV-01,19,-11,1,DUT_A,JSMITH,2024-11-15
QUAL-2024-001,QV-01,21,-11,2,DUT_A,JSMITH,2024-11-15
QUAL-2024-001,QV-01,-18,-10,1,DUT_A,JSMITH,2024-11-15
QUAL-2024-001,QV-01,-16,-10,1,DUT_A,JSMITH,2024-11-15
QUAL-2024-001,QV-01,-15,-10,1,DUT_A,JSMITH,2024-11-15
QUAL-2024-001,QV-01,-13,-10,1,DUT_A,JSMITH,2024-11-15
QUAL-2024-001,QV-01,-9,-10,1,DUT_A,JSMITH,2024-11-15
QUAL-2024-001,QV-01,-7,-10,1,DUT_A,JSMITH,2024-11-15
QUAL-2024-001,QV-01,-6,-10,1,DUT_A,JSMITH,2024-11-15
QUAL-2024-001,QV-01,-1,-10,1,DUT_A,JSMITH,2024-11-15
QUAL-2024-001,QV-01,3,-10,1,DUT_A,JSMITH,2024-11-15
QUAL-2024-001,QV-01,10,-10,1,DUT_B,JSMITH,2024-11-15
QUAL-2024-001,QV-01,15,-10,1,DUT_A,JSMITH,2024-11-15
QUAL-2024-001,QV-01,22,-10,2,DUT_B,JSMITH,2024-11-15
QUAL-2024-001,QV-01,-21,-9,1,DUT_B,JSMITH,2024-11-15
QUAL-2024-001,QV-01,-18,-9,1,DUT_B,JSMITH,2024-11-15
QUAL-2024-001,QV-01,-13,-9,2,DUT_A,JSMITH,2024-11-15
QUAL-2024-001,QV-01,-10,-9,1,DUT_A,JSMITH,2024-11-15
QUAL-2024-001,QV-01,-4,-9,1,DUT_A,JSMITH,2024-11-15
QUAL-2024-001,QV-01,3,-9,2,DUT_B,JSMITH,2024-11-15
QUAL-2024-001,QV-01,8,-9,1,DUT_A,JSMITH,2024-11-15
QUAL-2024-001,QV-01,13,-9,1,DUT_A,JSMITH,2024-11-15
QUAL-2024-001,QV-01,14,-9,1,DUT_A,JSMITH,2024-11-15
QUAL-2024-001,QV-01,17,-9,1,DUT_A,JSMITH,2024-11-15
QUAL-2024-001,QV-01,-22,-8,1,DUT_B,JSMITH,2024-11-15
QUAL-2024-001,QV-01,-20,-8,1,DUT_A,JSMITH,2024-11-15
QUAL-2024-001,QV-01,-10,-8,1,DUT_B,JSMITH,2024-11-15
QUAL-2024-001,QV-01,-9,-8,1,DUT_A,JSMITH,2024-11-15
QUAL-2024-001,QV-01,-5,-8,2,DUT_A,JSMITH,2024-11-15
QUAL-2024-001,QV-01,-3,-8,1,DUT_A,JSMITH,2024-11-15
QUAL-2024-001,QV-01,-1,-8,1,DUT_B,JSMITH,2024-11-15
QUAL-2024-001,QV-01,0,-8,1,DUT_A,JSMITH,2024-11-15
QUAL-2024-001,QV-01,1,-8,1,DUT_A,JSMITH,2024-11-15
QUAL-2024-001,QV-01,2,-8,1,DUT_B,JSMITH,2024-11-15
QUAL-2024-001,QV-01,9,-8,1,DUT_A,JSMITH,2024-11-15
QUAL-2024-001,QV-01,17,-8,1,DUT_B,JSMITH,2024-11-15
QUAL-2024-001,QV-01,23,-8,1,DUT_B,JSMITH,2024-11-15
QUAL-2024-001,QV-01,24,-8,1,DUT_A,JSMITH,2024-11-15
QUAL-2024-001,QV-01,-17,-7,1,DUT_B,JSMITH,2024-11-15
QUAL-2024-001,QV-01,-16,-7,1,DUT_A,JSMITH,2024-11-15
QUAL-2024-001,QV-01,-15,-7,1,DUT_A,JSMITH,2024-11-15
QUAL-2024-001,QV-01,-13,-7,1,DUT_A,JSMITH,2024-11-15
QUAL-2024-001,QV-01,-1,-7,1,DUT_A,JSMITH,2024-11-15
QUAL-2024-001,QV-01,0,-7,1,DUT_A,JSMITH,2024-11-15
QUAL-2024-001,QV-01,3,-7,1,DUT_A,JSMITH,2024-11-15
QUAL-2024-001,QV-01,7,-7,1,DUT_B,JSMITH,2024-11-15
QUAL-2024-001,QV-01,8,-7,1,DUT_A,JSMITH,2024-11-15
QUAL-2024-001,QV-01,16,-7,1,DUT_B,JSMITH,2024-11-15
QUAL-2024-001,QV-01,18,-7,1,DUT_A,JSMITH,2024-11-15
QUAL-2024-001,QV-01,21,-7,1,DUT_A,JSMITH,2024-11-15
QUAL-2024-001,QV-01,22,-7,1,DUT_B,JSMITH,2024-11-15
QUAL-2024-001,QV-01,23,-7,1,DUT_A,JSMITH,2024-11-15
QUAL-2024-001,QV-01,-25,-6,1,DUT_A,JSMITH,2024-11-15
QUAL-2024-001,QV-01,-19,-6,1,DUT_A,JSMITH,2024-11-15
QUAL-2024-001,QV-01,-17,-6,1,DUT_A,JSMITH,2024-11-15
QUAL-2024-001,QV-01,-16,-6,1,DUT_A,JSMITH,2024-11-15
QUAL-2024-001,QV-01,-13,-6,1,DUT_A,JSMITH,2024-11-15
QUAL-2024-001,QV-01,-9,-6,1,DUT_B,JSMITH,2024-11-15
QUAL-2024-001,QV-01,-8,-6,1,DUT_A,JSMITH,2024-11-15
QUAL-2024-001,QV-01,1,-6,1,DUT_A,JSMITH,2024-11-15
QUAL-2024-001,QV-01,2,-6,1,DUT_A,JSMITH,2024-11-15
QUAL-2024-001,QV-01,11,-6,1,DUT_A,JSMITH,2024-11-15
QUAL-2024-001,QV-01,12,-6,1,DUT_B,JSMITH,2024-11-15
QUAL-2024-001,QV-01,16,-6,1,DUT_A,JSMITH,2024-11-15
QUAL-2024-001,QV-01,24,-6,1,DUT_B,JSMITH,2024-11-15
QUAL-2024-001,QV-01,-26,-5,1,DUT_A,JSMITH,2024-11-15
QUAL-2024-001,QV-01,-25,-5,1,DUT_B,JSMITH,2024-11-15
QUAL-2024-001,QV-01,-24,-5,1,DUT_A,JSMITH,2024-11-15
QUAL-2024-001,QV-01,-21,-5,1,DUT_A,JSMITH,2024-11-15
QUAL-2024-001,QV-01,-20,-5,1,DUT_A,JSMITH,2024-11-15
QUAL-2024-001,QV-01,-18,-5,1,DUT_A,JSMITH,2024-11-15
QUAL-2024-001,QV-01,-15,-5,1,DUT_A,JSMITH,2024-11-15
QUAL-2024-001,QV-01,-14,-5,1,DUT_A,JSMITH,2024-11-15
QUAL-2024-001,QV-01,-10,-5,1,DUT_B,JSMITH,2024-11-15
QUAL-2024-001,QV-01,-9,-5,1,DUT_A,JSMITH,2024-11-15
QUAL-2024-001,QV-01,-2,-5,1,DUT_A,JSMITH,2024-11-15
QUAL-2024-001,QV-01,4,-5,1,DUT_A,JSMITH,2024-11-15
QUAL-2024-001,QV-01,6,-5,1,DUT_A,JSMITH,2024-11-15
QUAL-2024-001,QV-01,8,-5,1,DUT_B,JSMITH,2024-11-15
QUAL-2024-001,QV-01,12,-5,1,DUT_A,JSMITH,2024-11-15
QUAL-2024-001,QV-01,18,-5,1,DUT_A,JSMITH,2024-11-15
QUAL-2024-001,QV-01,23,-5,1,DUT_B,JSMITH,2024-11-15
QUAL-2024-001,QV-01,-23,-4,1,DUT_B,JSMITH,2024-11-15
QUAL-2024-001,QV-01,-22,-4,1,DUT_A,JSMITH,2024-11-15
QUAL-2024-001,QV-01,-21,-4,1,DUT_A,JSMITH,2024-11-15
QUAL-2024-001,QV-01,-20,-4,1,DUT_B,JSMITH,2024-11-15
QUAL-2024-001,QV-01,-17,-4,1,DUT_B,JSMITH,2024-11-15
QUAL-2024-001,QV-01,-16,-4,2,DUT_A,JSMITH,2024-11-15
QUAL-2024-001,QV-01,-5,-4,1,DUT_B,JSMITH,2024-11-15
QUAL-2024-001,QV-01,-3,-4,1,DUT_A,JSMITH,2024-11-15
QUAL-2024-001,QV-01,-2,-4,1,DUT_B,JSMITH,2024-11-15
QUAL-2024-001,QV-01,14,-4,1,DUT_A,JSMITH,2024-11-15
QUAL-2024-001,QV-01,19,-4,1,DUT_B,JSMITH,2024-11-15
QUAL-2024-001,QV-01,20,-4,1,DUT_A,JSMITH,2024-11-15
QUAL-2024-001,QV-01,21,-4,1,DUT_A,JSMITH,2024-11-15
QUAL-2024-001,QV-01,-26,-3,2,DUT_A,JSMITH,2024-11-15
QUAL-2024-001,QV-01,-25,-3,1,DUT_A,JSMITH,2024-11-15
QUAL-2024-001,QV-01,-18,-3,1,DUT_B,JSMITH,2024-11-15
QUAL-2024-001,QV-01,-11,-3,1,DUT_A,JSMITH,2024-11-15
QUAL-2024-001,QV-01,-7,-3,1,DUT_A,JSMITH,2024-11-15
QUAL-2024-001,QV-01,-5,-3,1,DUT_A,JSMITH,2024-11-15
QUAL-2024-001,QV-01,-1,-3,1,DUT_A,JSMITH,2024-11-15
QUAL-2024-001,QV-01,7,-3,1,DUT_A,JSMITH,2024-11-15
QUAL-2024-001,QV-01,9,-3,1,DUT_B,JSMITH,2024-11-15
QUAL-2024-001,QV-01,19,-3,1,DUT_A,JSMITH,2024-11-15
QUAL-2024-001,QV-01,21,-3,1,DUT_B,JSMITH,2024-11-15
QUAL-2024-001,QV-01,25,-3,1,DUT_A,JSMITH,2024-11-15
QUAL-2024-001,QV-01,-21,-2,1,DUT_A,JSMITH,2024-11-15
QUAL-2024-001,QV-01,-18,-2,1,DUT_A,JSMITH,2024-11-15
QUAL-2024-001,QV-01,-12,-2,1,DUT_A,JSMITH,2024-11-15
QUAL-2024-001,QV-01,-6,-2,1,DUT_A,JSMITH,2024-11-15
QUAL-2024-001,QV-01,-3,-2,1,DUT_A,JSMITH,2024-11-15
QUAL-2024-001,QV-01,-2,-2,1,DUT_A,JSMITH,2024-11-15
QUAL-2024-001,QV-01,4,-2,1,DUT_A,JSMITH,2024-11-15
QUAL-2024-001,QV-01,6,-2,1,DUT_A,JSMITH,2024-11-15
QUAL-2024-001,QV-01,9,-2,1,DUT_A,JSMITH,2024-11-15
QUAL-2024-001,QV-01,10,-2,1,DUT_A,JSMITH,2024-11-15
QUAL-2024-001,QV-01,16,-2,1,DUT_A,JSMITH,2024-11-15
QUAL-2024-001,QV-01,18,-2,1,DUT_A,JSMITH,2024-11-15
QUAL-2024-001,QV-01,20,-2,1,DUT_B,JSMITH,2024-11-15
QUAL-2024-001,QV-01,24,-2,1,DUT_A,JSMITH,2024-11-15
QUAL-2024-001,QV-01,25,-2,1,DUT_A,JSMITH,2024-11-15
QUAL-2024-001,QV-01,-26,-1,1,DUT_B,JSMITH,2024-11-15
QUAL-2024-001,QV-01,-25,-1,1,DUT_A,JSMITH,2024-11-15
QUAL-2024-001,QV-01,-23,-1,1,DUT_B,JSMITH,2024-11-15
QUAL-2024-001,QV-01,-19,-1,1,DUT_A,JSMITH,2024-11-15
QUAL-2024-001,QV-01,-2,-1,1,DUT_B,JSMITH,2024-11-15
QUAL-2024-001,QV-01,-1,-1,1,DUT_A,JSMITH,2024-11-15
QUAL-2024-001,QV-01,4,-1,1,DUT_B,JSMITH,2024-11-15
QUAL-2024-001,QV-01,11,-1,2,DUT_A,JSMITH,2024-11-15
QUAL-2024-001,QV-01,15,-1,1,DUT_A,JSMITH,2024-11-15
QUAL-2024-001,QV-01,16,-1,1,DUT_B,JSMITH,2024-11-15
QUAL-2024-001,QV-01,18,-1,1,DUT_A,JSMITH,2024-11-15
QUAL-2024-001,QV-01,21,-1,1,DUT_A,JSMITH,2024-11-15
QUAL-2024-001,QV-01,27,-1,3,DUT_A,JSMITH,2024-11-15
QUAL-2024-001,QV-01,-25,0,1,DUT_A,JSMITH,2024-11-15
QUAL-2024-001,QV-01,-24,0,1,DUT_B,JSMITH,2024-11-15
QUAL-2024-001,QV-01,-21,0,1,DUT_B,JSMITH,2024-11-15
QUAL-2024-001,QV-01,-20,0,1,DUT_A,JSMITH,2024-11-15
QUAL-2024-001,QV-01,-14,0,1,DUT_A,JSMITH,2024-11-15
QUAL-2024-001,QV-01,-13,0,1,DUT_A,JSMITH,2024-11-15
QUAL-2024-001,QV-01,-12,0,1,DUT_B,JSMITH,2024-11-15
QUAL-2024-001,QV-01,-10,0,1,DUT_A,JSMITH,2024-11-15
QUAL-2024-001,QV-01,-3,0,1,DUT_B,JSMITH,2024-11-15
QUAL-2024-001,QV-01,0,0,1,DUT_B,JSMITH,2024-11-15
QUAL-2024-001,QV-01,2,0,1,DUT_A,JSMITH,2024-11-15
QUAL-2024-001,QV-01,5,0,1,DUT_A,JSMITH,2024-11-15
QUAL-2024-001,QV-01,23,0,1,DUT_A,JSMITH,2024-11-15
QUAL-2024-001,QV-01,27,0,1,DUT_B,JSMITH,2024-11-15
QUAL-2024-001,QV-01,-27,1,2,DUT_A,JSMITH,2024-11-15
QUAL-2024-001,QV-01,-26,1,1,DUT_A,JSMITH,2024-11-15
QUAL-2024-001,QV-01,-25,1,1,DUT_B,JSMITH,2024-11-15
QUAL-2024-001,QV-01,-21,1,1,DUT_A,JSMITH,2024-11-15
QUAL-2024-001,QV-01,-19,1,1,DUT_B,JSMITH,2024-11-15
QUAL-2024-001,QV-01,-18,1,1,DUT_A,JSMITH,2024-11-15
QUAL-2024-001,QV-01,-13,1,1,DUT_B,JSMITH,2024-11-15
QUAL-2024-001,QV-01,-7,1,1,DUT_B,JSMITH,2024-11-15
QUAL-2024-001,QV-01,-4,1,1,DUT_B,JSMITH,2024-11-15
QUAL-2024-001,QV-01,0,1,1,DUT_A,JSMITH,2024-11-15
QUAL-2024-001,QV-01,2,1,1,DUT_B,JSMITH,2024-11-15
QUAL-2024-001,QV-01,4,1,1,DUT_A,JSMITH,2024-11-15
QUAL-2024-001,QV-01,6,1,1,DUT_A,JSMITH,2024-11-15
QUAL-2024-001,QV-01,9,1,2,DUT_A,JSMITH,2024-11-15
QUAL-2024-001,QV-01,10,1,1,DUT_A,JSMITH,2024-11-15
QUAL-2024-001,QV-01,11,1,1,DUT_B,JSMITH,2024-11-15
QUAL-2024-001,QV-01,16,1,1,DUT_A,JSMITH,2024-11-15
QUAL-2024-001,QV-01,17,1,1,DUT_B,JSMITH,2024-11-15
QUAL-2024-001,QV-01,21,1,1,DUT_A,JSMITH,2024-11-15
QUAL-2024-001,QV-01,23,1,1,DUT_B,JSMITH,2024-11-15
QUAL-2024-001,QV-01,27,1,1,DUT_A,JSMITH,2024-11-15
QUAL-2024-001,QV-01,-23,2,1,DUT_B,JSMITH,2024-11-15
QUAL-2024-001,QV-01,-20,2,1,DUT_B,JSMITH,2024-11-15
QUAL-2024-001,QV-01,-5,2,1,DUT_B,JSMITH,2024-11-15
QUAL-2024-001,QV-01,-4,2,1,DUT_A,JSMITH,2024-11-15
QUAL-2024-001,QV-01,-2,2,1,DUT_B,JSMITH,2024-11-15
QUAL-2024-001,QV-01,1,2,1,DUT_B,JSMITH,2024-11-15
QUAL-2024-001,QV-01,3,2,1,DUT_A,JSMITH,2024-11-15
QUAL-2024-001,QV-01,4,2,1,DUT_B,JSMITH,2024-11-15
QUAL-2024-001,QV-01,5,2,1,DUT_A,JSMITH,2024-11-15
QUAL-2024-001,QV-01,7,2,1,DUT_B,JSMITH,2024-11-15
QUAL-2024-001,QV-01,10,2,1,DUT_B,JSMITH,2024-11-15
QUAL-2024-001,QV-01,13,2,1,DUT_B,JSMITH,2024-11-15
QUAL-2024-001,QV-01,17,2,1,DUT_A,JSMITH,2024-11-15
QUAL-2024-001,QV-01,-22,3,1,DUT_A,JSMITH,2024-11-15
QUAL-2024-001,QV-01,-20,3,1,DUT_A,JSMITH,2024-11-15
QUAL-2024-001,QV-01,-18,3,1,DUT_B,JSMITH,2024-11-15
QUAL-2024-001,QV-01,-13,3,1,DUT_A,JSMITH,2024-11-15
QUAL-2024-001,QV-01,-12,3,1,DUT_B,JSMITH,2024-11-15
QUAL-2024-001,QV-01,-8,3,1,DUT_A,JSMITH,2024-11-15
QUAL-2024-001,QV-01,-7,3,1,DUT_A,JSMITH,2024-11-15
QUAL-2024-001,QV-01,-2,3,1,DUT_A,JSMITH,2024-11-15
QUAL-2024-001,QV-01,-1,3,1,DUT_A,JSMITH,2024-11-15
QUAL-2024-001,QV-01,0,3,1,DUT_B,JSMITH,2024-11-15
QUAL-2024-001,QV-01,9,3,1,DUT_B,JSMITH,2024-11-15
QUAL-2024-001,QV-01,12,3,1,DUT_B,JSMITH,2024-11-15
QUAL-2024-001,QV-01,14,3,1,DUT_A,JSMITH,2024-11-15
QUAL-2024-001,QV-01,15,3,1,DUT_B,JSMITH,2024-11-15
QUAL-2024-001,QV-01,25,3,1,DUT_A,JSMITH,2024-11-15
QUAL-2024-001,QV-01,-24,4,1,DUT_A,JSMITH,2024-11-15
QUAL-2024-001,QV-01,-22,4,1,DUT_B,JSMITH,2024-11-15
QUAL-2024-001,QV-01,-9,4,1,DUT_A,JSMITH,2024-11-15
QUAL-2024-001,QV-01,-8,4,1,DUT_A,JSMITH,2024-11-15
QUAL-2024-001,QV-01,-7,4,1,DUT_B,JSMITH,2024-11-15
QUAL-2024-001,QV-01,-5,4,1,DUT_A,JSMITH,2024-11-15
QUAL-2024-001,QV-01,1,4,1,DUT_A,JSMITH,2024-11-15
QUAL-2024-001,QV-01,2,4,1,DUT_B,JSMITH,2024-11-15
QUAL-2024-001,QV-01,9,4,1,DUT_A,JSMITH,2024-11-15
QUAL-2024-001,QV-01,23,4,1,DUT_B,JSMITH,2024-11-15
QUAL-2024-001,QV-01,24,4,1,DUT_A,JSMITH,2024-11-15
QUAL-2024-001,QV-01,25,4,1,DUT_A,JSMITH,2024-11-15
QUAL-2024-001,QV-01,-23,5,1,DUT_B,JSMITH,2024-11-15
QUAL-2024-001,QV-01,-13,5,1,DUT_A,JSMITH,2024-11-15
QUAL-2024-001,QV-01,2,5,1,DUT_A,JSMITH,2024-11-15
QUAL-2024-001,QV-01,14,5,1,DUT_A,JSMITH,2024-11-15
QUAL-2024-001,QV-01,16,5,1,DUT_B,JSMITH,2024-11-15
QUAL-2024-001,QV-01,18,5,1,DUT_A,JSMITH,2024-11-15
QUAL-2024-001,QV-01,22,5,1,DUT_B,JSMITH,2024-11-15
QUAL-2024-001,QV-01,24,5,1,DUT_A,JSMITH,2024-11-15
QUAL-2024-001,QV-01,-20,6,1,DUT_A,JSMITH,2024-11-15
QUAL-2024-001,QV-01,-17,6,3,DUT_A,JSMITH,2024-11-15
QUAL-2024-001,QV-01,-16,6,1,DUT_A,JSMITH,2024-11-15
QUAL-2024-001,QV-01,-11,6,1,DUT_A,JSMITH,2024-11-15
QUAL-2024-001,QV-01,-10,6,1,DUT_A,JSMITH,2024-11-15
QUAL-2024-001,QV-01,-6,6,1,DUT_B,JSMITH,2024-11-15
QUAL-2024-001,QV-01,-4,6,3,DUT_A,JSMITH,2024-11-15
QUAL-2024-001,QV-01,-1,6,1,DUT_A,JSMITH,2024-11-15
QUAL-2024-001,QV-01,0,6,3,DUT_B,JSMITH,2024-11-15
QUAL-2024-001,QV-01,1,6,1,DUT_A,JSMITH,2024-11-15
QUAL-2024-001,QV-01,9,6,1,DUT_B,JSMITH,2024-11-15
QUAL-2024-001,QV-01,13,6,1,DUT_A,JSMITH,2024-11-15
QUAL-2024-001,QV-01,17,6,1,DUT_A,JSMITH,2024-11-15
QUAL-2024-001,QV-01,19,6,1,DUT_A,JSMITH,2024-11-15
QUAL-2024-001,QV-01,20,6,1,DUT_A,JSMITH,2024-11-15
QUAL-2024-001,QV-01,21,6,1,DUT_B,JSMITH,2024-11-15
QUAL-2024-001,QV-01,22,6,1,DUT_A,JSMITH,2024-11-15
QUAL-2024-001,QV-01,23,6,1,DUT_A,JSMITH,2024-11-15
QUAL-2024-001,QV-01,-19,7,1,DUT_B,JSMITH,2024-11-15
QUAL-2024-001,QV-01,-13,7,1,DUT_B,JSMITH,2024-11-15
QUAL-2024-001,QV-01,-12,7,1,DUT_A,JSMITH,2024-11-15
QUAL-2024-001,QV-01,-9,7,2,DUT_A,JSMITH,2024-11-15
QUAL-2024-001,QV-01,-6,7,1,DUT_A,JSMITH,2024-11-15
QUAL-2024-001,QV-01,5,7,1,DUT_B,JSMITH,2024-11-15
QUAL-2024-001,QV-01,11,7,1,DUT_B,JSMITH,2024-11-15
QUAL-2024-001,QV-01,14,7,1,DUT_B,JSMITH,2024-11-15
QUAL-2024-001,QV-01,17,7,1,DUT_B,JSMITH,2024-11-15
QUAL-2024-001,QV-01,22,7,1,DUT_A,JSMITH,2024-11-15
QUAL-2024-001,QV-01,23,7,1,DUT_B,JSMITH,2024-11-15
QUAL-2024-001,QV-01,24,7,1,DUT_A,JSMITH,2024-11-15
QUAL-2024-001,QV-01,-23,8,1,DUT_B,JSMITH,2024-11-15
QUAL-2024-001,QV-01,-22,8,1,DUT_A,JSMITH,2024-11-15
QUAL-2024-001,QV-01,-19,8,1,DUT_A,JSMITH,2024-11-15
QUAL-2024-001,QV-01,-16,8,1,DUT_A,JSMITH,2024-11-15
QUAL-2024-001,QV-01,-10,8,1,DUT_A,JSMITH,2024-11-15
QUAL-2024-001,QV-01,-8,8,1,DUT_B,JSMITH,2024-11-15
QUAL-2024-001,QV-01,-4,8,1,DUT_A,JSMITH,2024-11-15
QUAL-2024-001,QV-01,-2,8,1,DUT_B,JSMITH,2024-11-15
QUAL-2024-001,QV-01,1,8,1,DUT_B,JSMITH,2024-11-15
QUAL-2024-001,QV-01,4,8,1,DUT_B,JSMITH,2024-11-15
QUAL-2024-001,QV-01,6,8,1,DUT_A,JSMITH,2024-11-15
QUAL-2024-001,QV-01,11,8,1,DUT_A,JSMITH,2024-11-15
QUAL-2024-001,QV-01,19,8,1,DUT_B,JSMITH,2024-11-15
QUAL-2024-001,QV-01,20,8,1,DUT_A,JSMITH,2024-11-15
QUAL-2024-001,QV-01,21,8,2,DUT_A,JSMITH,2024-11-15
QUAL-2024-001,QV-01,24,8,3,DUT_A,JSMITH,2024-11-15
QUAL-2024-001,QV-01,-22,9,1,DUT_A,JSMITH,2024-11-15
QUAL-2024-001,QV-01,-21,9,1,DUT_B,JSMITH,2024-11-15
QUAL-2024-001,QV-01,-20,9,1,DUT_A,JSMITH,2024-11-15
QUAL-2024-001,QV-01,-17,9,1,DUT_A,JSMITH,2024-11-15
QUAL-2024-001,QV-01,-16,9,1,DUT_A,JSMITH,2024-11-15
QUAL-2024-001,QV-01,-14,9,1,DUT_A,JSMITH,2024-11-15
QUAL-2024-001,QV-01,-4,9,1,DUT_A,JSMITH,2024-11-15
QUAL-2024-001,QV-01,-2,9,1,DUT_A,JSMITH,2024-11-15
QUAL-2024-001,QV-01,12,9,1,DUT_B,JSMITH,2024-11-15
QUAL-2024-001,QV-01,17,9,1,DUT_A,JSMITH,2024-11-15
QUAL-2024-001,QV-01,18,9,1,DUT_B,JSMITH,2024-11-15
QUAL-2024-001,QV-01,19,9,1,DUT_A,JSMITH,2024-11-15
QUAL-2024-001,QV-01,20,9,1,DUT_A,JSMITH,2024-11-15
QUAL-2024-001,QV-01,22,9,1,DUT_A,JSMITH,2024-11-15
QUAL-2024-001,QV-01,23,9,2,DUT_A,JSMITH,2024-11-15
QUAL-2024-001,QV-01,-22,10,1,DUT_B,JSMITH,2024-11-15
QUAL-2024-001,QV-01,-18,10,1,DUT_A,JSMITH,2024-11-15
QUAL-2024-001,QV-01,-16,10,1,DUT_B,JSMITH,2024-11-15
QUAL-2024-001,QV-01,-9,10,1,DUT_A,JSMITH,2024-11-15
QUAL-2024-001,QV-01,-6,10,1,DUT_A,JSMITH,2024-11-15
QUAL-2024-001,QV-01,3,10,1,DUT_A,JSMITH,2024-11-15
QUAL-2024-001,QV-01,6,10,1,DUT_A,JSMITH,2024-11-15
QUAL-2024-001,QV-01,7,10,1,DUT_A,JSMITH,2024-11-15
QUAL-2024-001,QV-01,8,10,1,DUT_B,JSMITH,2024-11-15
QUAL-2024-001,QV-01,9,10,1,DUT_A,JSMITH,2024-11-15
QUAL-2024-001,QV-01,15,10,1,DUT_A,JSMITH,2024-11-15
QUAL-2024-001,QV-01,18,10,1,DUT_A,JSMITH,2024-11-15
QUAL-2024-001,QV-01,-20,11,1,DUT_B,JSMITH,2024-11-15
QUAL-2024-001,QV-01,-1,11,1,DUT_A,JSMITH,2024-11-15
QUAL-2024-001,QV-01,0,11,1,DUT_A,JSMITH,2024-11-15
QUAL-2024-001,QV-01,1,11,1,DUT_B,JSMITH,2024-11-15
QUAL-2024-001,QV-01,2,11,1,DUT_A,JSMITH,2024-11-15
QUAL-2024-001,QV-01,5,11,1,DUT_A,JSMITH,2024-11-15
QUAL-2024-001,QV-01,10,11,1,DUT_B,JSMITH,2024-11-15
QUAL-2024-001,QV-01,14,11,1,DUT_A,JSMITH,2024-11-15
QUAL-2024-001,QV-01,18,11,1,DUT_A,JSMITH,2024-11-15
QUAL-2024-001,QV-01,20,11,1,DUT_A,JSMITH,2024-11-15
QUAL-2024-001,QV-01,-20,12,2,DUT_A,JSMITH,2024-11-15
QUAL-2024-001,QV-01,-18,12,1,DUT_B,JSMITH,2024-11-15
QUAL-2024-001,QV-01,-12,12,1,DUT_B,JSMITH,2024-11-15
QUAL-2024-001,QV-01,-9,12,1,DUT_B,JSMITH,2024-11-15
QUAL-2024-001,QV-01,-7,12,1,DUT_A,JSMITH,2024-11-15
QUAL-2024-001,QV-01,-5,12,1,DUT_A,JSMITH,2024-11-15
QUAL-2024-001,QV-01,-4,12,1,DUT_A,JSMITH,2024-11-15
QUAL-2024-001,QV-01,-3,12,1,DUT_B,JSMITH,2024-11-15
QUAL-2024-001,QV-01,-2,12,1,DUT_A,JSMITH,2024-11-15
QUAL-2024-001,QV-01,-1,12,1,DUT_A,JSMITH,2024-11-15
QUAL-2024-001,QV-01,1,12,1,DUT_A,JSMITH,2024-11-15
QUAL-2024-001,QV-01,2,12,1,DUT_A,JSMITH,2024-11-15
QUAL-2024-001,QV-01,3,12,1,DUT_B,JSMITH,2024-11-15
QUAL-2024-001,QV-01,12,12,1,DUT_B,JSMITH,2024-11-15
QUAL-2024-001,QV-01,14,12,1,DUT_A,JSMITH,2024-11-15
QUAL-2024-001,QV-01,18,12,1,DUT_B,JSMITH,2024-11-15
QUAL-2024-001,QV-01,19,12,1,DUT_A,JSMITH,2024-11-15
QUAL-2024-001,QV-01,-18,13,1,DUT_A,JSMITH,2024-11-15
QUAL-2024-001,QV-01,-11,13,1,DUT_A,JSMITH,2024-11-15
QUAL-2024-001,QV-01,-10,13,1,DUT_B,JSMITH,2024-11-15
QUAL-2024-001,QV-01,-7,13,1,DUT_B,JSMITH,2024-11-15
QUAL-2024-001,QV-01,-3,13,1,DUT_A,JSMITH,2024-11-15
QUAL-2024-001,QV-01,-2,13,1,DUT_A,JSMITH,2024-11-15
QUAL-2024-001,QV-01,0,13,1,DUT_A,JSMITH,2024-11-15
QUAL-2024-001,QV-01,4,13,2,DUT_A,JSMITH,2024-11-15
QUAL-2024-001,QV-01,8,13,1,DUT_B,JSMITH,2024-11-15
QUAL-2024-001,QV-01,12,13,1,DUT_A,JSMITH,2024-11-15
QUAL-2024-001,QV-01,-16,14,1,DUT_A,JSMITH,2024-11-15
QUAL-2024-001,QV-01,-7,14,1,DUT_A,JSMITH,2024-11-15
QUAL-2024-001,QV-01,-3,14,1,DUT_A,JSMITH,2024-11-15
QUAL-2024-001,QV-01,0,14,1,DUT_A,JSMITH,2024-11-15
QUAL-2024-001,QV-01,3,14,1,DUT_A,JSMITH,2024-11-15
QUAL-2024-001,QV-01,6,14,1,DUT_A,JSMITH,2024-11-15
QUAL-2024-001,QV-01,7,14,1,DUT_B,JSMITH,2024-11-15
QUAL-2024-001,QV-01,14,14,1,DUT_A,JSMITH,2024-11-15
QUAL-2024-001,QV-01,15,14,1,DUT_A,JSMITH,2024-11-15
QUAL-2024-001,QV-01,-11,15,1,DUT_A,JSMITH,2024-11-15
QUAL-2024-001,QV-01,-9,15,1,DUT_B,JSMITH,2024-11-15
QUAL-2024-001,QV-01,-4,15,1,DUT_A,JSMITH,2024-11-15
QUAL-2024-001,QV-01,2,15,1,DUT_A,JSMITH,2024-11-15
QUAL-2024-001,QV-01,4,15,1,DUT_A,JSMITH,2024-11-15
QUAL-2024-001,QV-01,7,15,1,DUT_A,JSMITH,2024-11-15
QUAL-2024-001,QV-01,8,15,1,DUT_A,JSMITH,2024-11-15
QUAL-2024-001,QV-01,10,15,2,DUT_A,JSMITH,2024-11-15
QUAL-2024-001,QV-01,-9,16,1,DUT_A,JSMITH,2024-11-15
QUAL-2024-001,QV-01,-8,16,1,DUT_A,JSMITH,2024-11-15
QUAL-2024-001,QV-01,-4,16,1,DUT_B,JSMITH,2024-11-15
QUAL-2024-001,QV-01,0,16,1,DUT_A,JSMITH,2024-11-15
QUAL-2024-001,QV-01,2,16,1,DUT_B,JSMITH,2024-11-15
QUAL-2024-001,QV-01,3,16,1,DUT_A,JSMITH,2024-11-15
QUAL-2024-001,QV-01,4,16,1,DUT_A,JSMITH,2024-11-15
QUAL-2024-001,QV-01,8,16,1,DUT_B,JSMITH,2024-11-15
QUAL-2024-001,QV-01,10,16,1,DUT_A,JSMITH,2024-11-15
QUAL-2024-001,QV-01,11,16,1,DUT_B,JSMITH,2024-11-15
QUAL-2024-001,QV-01,13,16,1,DUT_A,JSMITH,2024-11-15
QUAL-2024-001,QV-01,-5,17,1,DUT_B,JSMITH,2024-11-15
QUAL-2024-001,QV-01,-3,17,1,DUT_A,JSMITH,2024-11-15
QUAL-2024-001,QV-01,-2,17,1,DUT_B,JSMITH,2024-11-15
QUAL-2024-001,QV-01,0,17,1,DUT_A,JSMITH,2024-11-15
QUAL-2024-001,QV-01,8,17,1,DUT_A,JSMITH,2024-11-15
QUAL-2024-001,QV-01,-4,18,1,DUT_A,JSMITH,2024-11-15
QUAL-2024-001,QV-01,0,18,2,DUT_B,JSMITH,2024-11-15
QUAL-2024-001,QV-01,1,18,2,DUT_A,JSMITH,2024-11-15
QUAL-2024-001,QV-01,3,18,1,DUT_B,JSMITH,2024-11-15
QUAL-2024-001,QV-02,-4,-18,1,DUT_A,PBROWN,2024-11-15
QUAL-2024-001,QV-02,-3,-18,1,DUT_B,PBROWN,2024-11-15
QUAL-2024-001,QV-02,-2,-18,1,DUT_A,PBROWN,2024-11-15
QUAL-2024-001,QV-02,1,-18,1,DUT_A,PBROWN,2024-11-15
QUAL-2024-001,QV-02,-9,-17,3,DUT_A,PBROWN,2024-11-15
QUAL-2024-001,QV-02,-5,-17,1,DUT_A,PBROWN,2024-11-15
QUAL-2024-001,QV-02,-4,-17,1,DUT_B,PBROWN,2024-11-15
QUAL-2024-001,QV-02,-3,-17,1,DUT_A,PBROWN,2024-11-15
QUAL-2024-001,QV-02,-2,-17,1,DUT_A,PBROWN,2024-11-15
QUAL-2024-001,QV-02,-1,-17,1,DUT_B,PBROWN,2024-11-15
QUAL-2024-001,QV-02,2,-17,1,DUT_B,PBROWN,2024-11-15
QUAL-2024-001,QV-02,3,-17,1,DUT_A,PBROWN,2024-11-15
QUAL-2024-001,QV-02,9,-17,1,DUT_A,PBROWN,2024-11-15
QUAL-2024-001,QV-02,-10,-16,1,DUT_A,PBROWN,2024-11-15
QUAL-2024-001,QV-02,-6,-16,1,DUT_A,PBROWN,2024-11-15
QUAL-2024-001,QV-02,-4,-16,1,DUT_A,PBROWN,2024-11-15
QUAL-2024-001,QV-02,-2,-16,1,DUT_B,PBROWN,2024-11-15
QUAL-2024-001,QV-02,2,-16,1,DUT_A,PBROWN,2024-11-15
QUAL-2024-001,QV-02,3,-16,1,DUT_A,PBROWN,2024-11-15
QUAL-2024-001,QV-02,5,-16,1,DUT_A,PBROWN,2024-11-15
QUAL-2024-001,QV-02,6,-16,1,DUT_A,PBROWN,2024-11-15
QUAL-2024-001,QV-02,10,-16,1,DUT_B,PBROWN,2024-11-15
QUAL-2024-001,QV-02,11,-16,1,DUT_A,PBROWN,2024-11-15
QUAL-2024-001,QV-02,-14,-15,1,DUT_A,PBROWN,2024-11-15
QUAL-2024-001,QV-02,-8,-15,3,DUT_A,PBROWN,2024-11-15
QUAL-2024-001,QV-02,-5,-15,2,DUT_A,PBROWN,2024-11-15
QUAL-2024-001,QV-02,-4,-15,1,DUT_A,PBROWN,2024-11-15
QUAL-2024-001,QV-02,-1,-15,1,DUT_A,PBROWN,2024-11-15
QUAL-2024-001,QV-02,2,-15,1,DUT_A,PBROWN,2024-11-15
QUAL-2024-001,QV-02,6,-15,1,DUT_B,PBROWN,2024-11-15
QUAL-2024-001,QV-02,-15,-14,1,DUT_A,PBROWN,2024-11-15
QUAL-2024-001,QV-02,-9,-14,1,DUT_A,PBROWN,2024-11-15
QUAL-2024-001,QV-02,-4,-14,1,DUT_B,PBROWN,2024-11-15
QUAL-2024-001,QV-02,-2,-14,1,DUT_A,PBROWN,2024-11-15
QUAL-2024-001,QV-02,-1,-14,1,DUT_B,PBROWN,2024-11-15
QUAL-2024-001,QV-02,-19,-13,1,DUT_A,PBROWN,2024-11-15
QUAL-2024-001,QV-02,-16,-13,1,DUT_A,PBROWN,2024-11-15
QUAL-2024-001,QV-02,-15,-13,1,DUT_A,PBROWN,2024-11-15
QUAL-2024-001,QV-02,-12,-13,1,DUT_A,PBROWN,2024-11-15
QUAL-2024-001,QV-02,-7,-13,1,DUT_A,PBROWN,2024-11-15
QUAL-2024-001,QV-02,-5,-13,2,DUT_B,PBROWN,2024-11-15
QUAL-2024-001,QV-02,-3,-13,1,DUT_A,PBROWN,2024-11-15
QUAL-2024-001,QV-02,0,-13,1,DUT_A,PBROWN,2024-11-15
QUAL-2024-001,QV-02,5,-13,1,DUT_A,PBROWN,2024-11-15
QUAL-2024-001,QV-02,7,-13,1,DUT_B,PBROWN,2024-11-15
QUAL-2024-001,QV-02,8,-13,1,DUT_A,PBROWN,2024-11-15
QUAL-2024-001,QV-02,11,-13,1,DUT_A,PBROWN,2024-11-15
QUAL-2024-001,QV-02,-10,-12,1,DUT_A,PBROWN,2024-11-15
QUAL-2024-001,QV-02,-8,-12,2,DUT_A,PBROWN,2024-11-15
QUAL-2024-001,QV-02,-3,-12,1,DUT_B,PBROWN,2024-11-15
QUAL-2024-001,QV-02,4,-12,1,DUT_A,PBROWN,2024-11-15
QUAL-2024-001,QV-02,5,-12,2,DUT_A,PBROWN,2024-11-15
QUAL-2024-001,QV-02,6,-12,1,DUT_B,PBROWN,2024-11-15
QUAL-2024-001,QV-02,9,-12,1,DUT_B,PBROWN,2024-11-15
QUAL-2024-001,QV-02,14,-12,1,DUT_A,PBROWN,2024-11-15
QUAL-2024-001,QV-02,17,-12,1,DUT_A,PBROWN,2024-11-15
QUAL-2024-001,QV-02,-17,-11,1,DUT_A,PBROWN,2024-11-15
QUAL-2024-001,QV-02,-16,-11,1,DUT_B,PBROWN,2024-11-15
QUAL-2024-001,QV-02,-8,-11,1,DUT_A,PBROWN,2024-11-15
QUAL-2024-001,QV-02,-7,-11,1,DUT_B,PBROWN,2024-11-15
QUAL-2024-001,QV-02,-6,-11,1,DUT_A,PBROWN,2024-11-15
QUAL-2024-001,QV-02,-4,-11,1,DUT_B,PBROWN,2024-11-15
QUAL-2024-001,QV-02,-3,-11,1,DUT_A,PBROWN,2024-11-15
QUAL-2024-001,QV-02,-2,-11,1,DUT_A,PBROWN,2024-11-15
QUAL-2024-001,QV-02,1,-11,3,DUT_A,PBROWN,2024-11-15
QUAL-2024-001,QV-02,10,-11,1,DUT_A,PBROWN,2024-11-15
QUAL-2024-001,QV-02,12,-11,1,DUT_A,PBROWN,2024-11-15
QUAL-2024-001,QV-02,14,-11,1,DUT_B,PBROWN,2024-11-15
QUAL-2024-001,QV-02,15,-11,1,DUT_A,PBROWN,2024-11-15
QUAL-2024-001,QV-02,18,-11,1,DUT_A,PBROWN,2024-11-15
QUAL-2024-001,QV-02,-22,-10,1,DUT_A,PBROWN,2024-11-15
QUAL-2024-001,QV-02,-16,-10,3,DUT_A,PBROWN,2024-11-15
QUAL-2024-001,QV-02,-15,-10,1,DUT_A,PBROWN,2024-11-15
QUAL-2024-001,QV-02,-10,-10,1,DUT_A,PBROWN,2024-11-15
QUAL-2024-001,QV-02,-9,-10,1,DUT_A,PBROWN,2024-11-15
QUAL-2024-001,QV-02,-2,-10,1,DUT_B,PBROWN,2024-11-15
QUAL-2024-001,QV-02,4,-10,1,DUT_B,PBROWN,2024-11-15
QUAL-2024-001,QV-02,5,-10,1,DUT_A,PBROWN,2024-11-15
QUAL-2024-001,QV-02,7,-10,1,DUT_B,PBROWN,2024-11-15
QUAL-2024-001,QV-02,8,-10,1,DUT_A,PBROWN,2024-11-15
QUAL-2024-001,QV-02,11,-10,1,DUT_A,PBROWN,2024-11-15
QUAL-2024-001,QV-02,13,-10,1,DUT_B,PBROWN,2024-11-15
QUAL-2024-001,QV-02,17,-10,1,DUT_A,PBROWN,2024-11-15
QUAL-2024-001,QV-02,20,-10,1,DUT_A,PBROWN,2024-11-15
QUAL-2024-001,QV-02,-22,-9,1,DUT_A,PBROWN,2024-11-15
QUAL-2024-001,QV-02,-21,-9,1,DUT_B,PBROWN,2024-11-15
QUAL-2024-001,QV-02,-19,-9,1,DUT_A,PBROWN,2024-11-15
QUAL-2024-001,QV-02,-14,-9,1,DUT_A,PBROWN,2024-11-15
QUAL-2024-001,QV-02,-3,-9,2,DUT_B,PBROWN,2024-11-15
QUAL-2024-001,QV-02,1,-9,1,DUT_A,PBROWN,2024-11-15
QUAL-2024-001,QV-02,5,-9,1,DUT_A,PBROWN,2024-11-15
QUAL-2024-001,QV-02,7,-9,1,DUT_A,PBROWN,2024-11-15
QUAL-2024-001,QV-02,11,-9,1,DUT_A,PBROWN,2024-11-15
QUAL-2024-001,QV-02,12,-9,1,DUT_B,PBROWN,2024-11-15
QUAL-2024-001,QV-02,15,-9,1,DUT_B,PBROWN,2024-11-15
QUAL-2024-001,QV-02,16,-9,1,DUT_A,PBROWN,2024-11-15
QUAL-2024-001,QV-02,22,-9,1,DUT_A,PBROWN,2024-11-15
QUAL-2024-001,QV-02,-20,-8,1,DUT_A,PBROWN,2024-11-15
QUAL-2024-001,QV-02,-18,-8,1,DUT_A,PBROWN,2024-11-15
QUAL-2024-001,QV-02,-15,-8,1,DUT_A,PBROWN,2024-11-15
QUAL-2024-001,QV-02,-14,-8,1,DUT_A,PBROWN,2024-11-15
QUAL-2024-001,QV-02,-11,-8,1,DUT_A,PBROWN,2024-11-15
QUAL-2024-001,QV-02,-8,-8,1,DUT_A,PBROWN,2024-11-15
QUAL-2024-001,QV-02,-7,-8,1,DUT_B,PBROWN,2024-11-15
QUAL-2024-001,QV-02,-6,-8,1,DUT_A,PBROWN,2024-11-15
QUAL-2024-001,QV-02,-1,-8,1,DUT_B,PBROWN,2024-11-15
QUAL-2024-001,QV-02,0,-8,1,DUT_A,PBROWN,2024-11-15
QUAL-2024-001,QV-02,2,-8,1,DUT_B,PBROWN,2024-11-15
QUAL-2024-001,QV-02,4,-8,1,DUT_A,PBROWN,2024-11-15
QUAL-2024-001,QV-02,7,-8,1,DUT_A,PBROWN,2024-11-15
QUAL-2024-001,QV-02,8,-8,1,DUT_B,PBROWN,2024-11-15
QUAL-2024-001,QV-02,12,-8,1,DUT_A,PBROWN,2024-11-15
QUAL-2024-001,QV-02,13,-8,2,DUT_A,PBROWN,2024-11-15
QUAL-2024-001,QV-02,14,-8,1,DUT_B,PBROWN,2024-11-15
QUAL-2024-001,QV-02,19,-8,1,DUT_A,PBROWN,2024-11-15
QUAL-2024-001,QV-02,22,-8,1,DUT_A,PBROWN,2024-11-15
QUAL-2024-001,QV-02,-25,-7,1,DUT_A,PBROWN,2024-11-15
QUAL-2024-001,QV-02,-21,-7,1,DUT_A,PBROWN,2024-11-15
QUAL-2024-001,QV-02,-10,-7,1,DUT_A,PBROWN,2024-11-15
QUAL-2024-001,QV-02,-8,-7,1,DUT_B,PBROWN,2024-11-15
QUAL-2024-001,QV-02,-7,-7,1,DUT_A,PBROWN,2024-11-15
QUAL-2024-001,QV-02,-5,-7,1,DUT_B,PBROWN,2024-11-15
QUAL-2024-001,QV-02,12,-7,1,DUT_A,PBROWN,2024-11-15
QUAL-2024-001,QV-02,13,-7,1,DUT_B,PBROWN,2024-11-15
QUAL-2024-001,QV-02,15,-7,1,DUT_A,PBROWN,2024-11-15
QUAL-2024-001,QV-02,22,-7,1,DUT_B,PBROWN,2024-11-15
QUAL-2024-001,QV-02,23,-7,1,DUT_A,PBROWN,2024-11-15
QUAL-2024-001,QV-02,-23,-6,1,DUT_A,PBROWN,2024-11-15
QUAL-2024-001,QV-02,-20,-6,1,DUT_A,PBROWN,2024-11-15
QUAL-2024-001,QV-02,-18,-6,1,DUT_B,PBROWN,2024-11-15
QUAL-2024-001,QV-02,-12,-6,1,DUT_B,PBROWN,2024-11-15
QUAL-2024-001,QV-02,-8,-6,1,DUT_A,PBROWN,2024-11-15
QUAL-2024-001,QV-02,-5,-6,1,DUT_A,PBROWN,2024-11-15
QUAL-2024-001,QV-02,-4,-6,1,DUT_A,PBROWN,2024-11-15
QUAL-2024-001,QV-02,0,-6,1,DUT_B,PBROWN,2024-11-15
QUAL-2024-001,QV-02,3,-6,1,DUT_B,PBROWN,2024-11-15
QUAL-2024-001,QV-02,8,-6,1,DUT_A,PBROWN,2024-11-15
QUAL-2024-001,QV-02,10,-6,1,DUT_A,PBROWN,2024-11-15
QUAL-2024-001,QV-02,11,-6,1,DUT_A,PBROWN,2024-11-15
QUAL-2024-001,QV-02,17,-6,1,DUT_A,PBROWN,2024-11-15
QUAL-2024-001,QV-02,18,-6,1,DUT_B,PBROWN,2024-11-15
QUAL-2024-001,QV-02,24,-6,2,DUT_B,PBROWN,2024-11-15
QUAL-2024-001,QV-02,25,-6,1,DUT_A,PBROWN,2024-11-15
QUAL-2024-001,QV-02,-23,-5,1,DUT_A,PBROWN,2024-11-15
QUAL-2024-001,QV-02,-21,-5,1,DUT_A,PBROWN,2024-11-15
QUAL-2024-001,QV-02,-20,-5,1,DUT_A,PBROWN,2024-11-15
QUAL-2024-001,QV-02,-14,-5,1,DUT_A,PBROWN,2024-11-15
QUAL-2024-001,QV-02,-10,-5,1,DUT_B,PBROWN,2024-11-15
QUAL-2024-001,QV-02,-8,-5,1,DUT_A,PBROWN,2024-11-15
QUAL-2024-001,QV-02,-4,-5,1,DUT_B,PBROWN,2024-11-15
QUAL-2024-001,QV-02,-1,-5,1,DUT_B,PBROWN,2024-11-15
QUAL-2024-001,QV-02,0,-5,1,DUT_A,PBROWN,2024-11-15
QUAL-2024-001,QV-02,1,-5,1,DUT_A,PBROWN,2024-11-15
QUAL-2024-001,QV-02,5,-5,1,DUT_B,PBROWN,2024-11-15
QUAL-2024-001,QV-02,9,-5,1,DUT_A,PBROWN,2024-11-15
QUAL-2024-001,QV-02,12,-5,1,DUT_A,PBROWN,2024-11-15
QUAL-2024-001,QV-02,19,-5,1,DUT_A,PBROWN,2024-11-15
QUAL-2024-001,QV-02,20,-5,1,DUT_B,PBROWN,2024-11-15
QUAL-2024-001,QV-02,23,-5,1,DUT_B,PBROWN,2024-11-15
QUAL-2024-001,QV-02,25,-5,1,DUT_A,PBROWN,2024-11-15
QUAL-2024-001,QV-02,26,-5,1,DUT_B,PBROWN,2024-11-15
QUAL-2024-001,QV-02,-25,-4,1,DUT_A,PBROWN,2024-11-15
QUAL-2024-001,QV-02,-23,-4,1,DUT_B,PBROWN,2024-11-15
QUAL-2024-001,QV-02,-20,-4,1,DUT_B,PBROWN,2024-11-15
QUAL-2024-001,QV-02,-7,-4,1,DUT_A,PBROWN,2024-11-15
QUAL-2024-001,QV-02,-5,-4,1,DUT_B,PBROWN,2024-11-15
QUAL-2024-001,QV-02,0,-4,1,DUT_A,PBROWN,2024-11-15
QUAL-2024-001,QV-02,3,-4,1,DUT_A,PBROWN,2024-11-15
QUAL-2024-001,QV-02,4,-4,1,DUT_B,PBROWN,2024-11-15
QUAL-2024-001,QV-02,5,-4,2,DUT_A,PBROWN,2024-11-15
QUAL-2024-001,QV-02,14,-4,1,DUT_A,PBROWN,2024-11-15
QUAL-2024-001,QV-02,15,-4,1,DUT_A,PBROWN,2024-11-15
QUAL-2024-001,QV-02,17,-4,1,DUT_A,PBROWN,2024-11-15
QUAL-2024-001,QV-02,20,-4,1,DUT_A,PBROWN,2024-11-15
QUAL-2024-001,QV-02,21,-4,1,DUT_A,PBROWN,2024-11-15
QUAL-2024-001,QV-02,23,-4,1,DUT_A,PBROWN,2024-11-15
QUAL-2024-001,QV-02,-22,-3,1,DUT_A,PBROWN,2024-11-15
QUAL-2024-001,QV-02,-21,-3,1,DUT_B,PBROWN,2024-11-15
QUAL-2024-001,QV-02,-20,-3,1,DUT_A,PBROWN,2024-11-15
QUAL-2024-001,QV-02,-17,-3,1,DUT_A,PBROWN,2024-11-15
QUAL-2024-001,QV-02,-11,-3,1,DUT_A,PBROWN,2024-11-15
QUAL-2024-001,QV-02,-6,-3,1,DUT_B,PBROWN,2024-11-15
QUAL-2024-001,QV-02,6,-3,1,DUT_B,PBROWN,2024-11-15
QUAL-2024-001,QV-02,9,-3,1,DUT_B,PBROWN,2024-11-15
QUAL-2024-001,QV-02,11,-3,1,DUT_A,PBROWN,2024-11-15
QUAL-2024-001,QV-02,14,-3,1,DUT_A,PBROWN,2024-11-15
QUAL-2024-001,QV-02,16,-3,1,DUT_A,PBROWN,2024-11-15
QUAL-2024-001,QV-02,19,-3,1,DUT_A,PBROWN,2024-11-15
QUAL-2024-001,QV-02,20,-3,1,DUT_A,PBROWN,2024-11-15
QUAL-2024-001,QV-02,23,-3,1,DUT_A,PBROWN,2024-11-15
QUAL-2024-001,QV-02,25,-3,1,DUT_A,PBROWN,2024-11-15
QUAL-2024-001,QV-02,26,-3,2,DUT_A,PBROWN,2024-11-15
QUAL-2024-001,QV-02,-25,-2,1,DUT_B,PBROWN,2024-11-15
QUAL-2024-001,QV-02,-23,-2,1,DUT_A,PBROWN,2024-11-15
QUAL-2024-001,QV-02,-15,-2,1,DUT_A,PBROWN,2024-11-15
QUAL-2024-001,QV-02,-10,-2,1,DUT_B,PBROWN,2024-11-15
QUAL-2024-001,QV-02,-8,-2,1,DUT_A,PBROWN,2024-11-15
QUAL-2024-001,QV-02,-6,-2,1,DUT_A,PBROWN,2024-11-15
QUAL-2024-001,QV-02,-5,-2,1,DUT_A,PBROWN,2024-11-15
QUAL-2024-001,QV-02,0,-2,1,DUT_A,PBROWN,2024-11-15
QUAL-2024-001,QV-02,2,-2,1,DUT_B,PBROWN,2024-11-15
QUAL-2024-001,QV-02,9,-2,1,DUT_A,PBROWN,2024-11-15
QUAL-2024-001,QV-02,17,-2,1,DUT_B,PBROWN,2024-11-15
QUAL-2024-001,QV-02,19,-2,1,DUT_A,PBROWN,2024-11-15
QUAL-2024-001,QV-02,24,-2,1,DUT_A,PBROWN,2024-11-15
QUAL-2024-001,QV-02,25,-2,1,DUT_A,PBROWN,2024-11-15
QUAL-2024-001,QV-02,-25,-1,1,DUT_A,PBROWN,2024-11-15
QUAL-2024-001,QV-02,-23,-1,1,DUT_B,PBROWN,2024-11-15
QUAL-2024-001,QV-02,-22,-1,1,DUT_A,PBROWN,2024-11-15
QUAL-2024-001,QV-02,-17,-1,1,DUT_B,PBROWN,2024-11-15
QUAL-2024-001,QV-02,-16,-1,2,DUT_A,PBROWN,2024-11-15
QUAL-2024-001,QV-02,-14,-1,1,DUT_B,PBROWN,2024-11-15
QUAL-2024-001,QV-02,-6,-1,1,DUT_A,PBROWN,2024-11-15
QUAL-2024-001,QV-02,-4,-1,1,DUT_A,PBROWN,2024-11-15
QUAL-2024-001,QV-02,-2,-1,1,DUT_B,PBROWN,2024-11-15
QUAL-2024-001,QV-02,0,-1,1,DUT_A,PBROWN,2024-11-15
QUAL-2024-001,QV-02,3,-1,1,DUT_A,PBROWN,2024-11-15
QUAL-2024-001,QV-02,4,-1,1,DUT_B,PBROWN,2024-11-15
QUAL-2024-001,QV-02,9,-1,1,DUT_A,PBROWN,2024-11-15
QUAL-2024-001,QV-02,12,-1,1,DUT_A,PBROWN,2024-11-15
QUAL-2024-001,QV-02,17,-1,1,DUT_A,PBROWN,2024-11-15
QUAL-2024-001,QV-02,18,-1,1,DUT_A,PBROWN,2024-11-15
QUAL-2024-001,QV-02,19,-1,1,DUT_B,PBROWN,2024-11-15
QUAL-2024-001,QV-02,20,-1,1,DUT_A,PBROWN,2024-11-15
QUAL-2024-001,QV-02,24,-1,1,DUT_A,PBROWN,2024-11-15
QUAL-2024-001,QV-02,25,-1,1,DUT_B,PBROWN,2024-11-15
QUAL-2024-001,QV-02,-25,0,1,DUT_A,PBROWN,2024-11-15
QUAL-2024-001,QV-02,-17,0,1,DUT_A,PBROWN,2024-11-15
QUAL-2024-001,QV-02,-12,0,1,DUT_B,PBROWN,2024-11-15
QUAL-2024-001,QV-02,-9,0,2,DUT_B,PBROWN,2024-11-15
QUAL-2024-001,QV-02,-7,0,1,DUT_A,PBROWN,2024-11-15
QUAL-2024-001,QV-02,-6,0,1,DUT_B,PBROWN,2024-11-15
QUAL-2024-001,QV-02,-3,0,1,DUT_B,PBROWN,2024-11-15
QUAL-2024-001,QV-02,-2,0,1,DUT_A,PBROWN,2024-11-15
QUAL-2024-001,QV-02,-1,0,1,DUT_A,PBROWN,2024-11-15
QUAL-2024-001,QV-02,2,0,1,DUT_A,PBROWN,2024-11-15
QUAL-2024-001,QV-02,10,0,1,DUT_A,PBROWN,2024-11-15
QUAL-2024-001,QV-02,17,0,2,DUT_A,PBROWN,2024-11-15
QUAL-2024-001,QV-02,21,0,1,DUT_B,PBROWN,2024-11-15
QUAL-2024-001,QV-02,-26,1,1,DUT_A,PBROWN,2024-11-15
QUAL-2024-001,QV-02,-5,1,1,DUT_A,PBROWN,2024-11-15
QUAL-2024-001,QV-02,-1,1,1,DUT_B,PBROWN,2024-11-15
QUAL-2024-001,QV-02,2,1,1,DUT_B,PBROWN,2024-11-15
QUAL-2024-001,QV-02,3,1,1,DUT_A,PBROWN,2024-11-15
QUAL-2024-001,QV-02,5,1,1,DUT_B,PBROWN,2024-11-15
QUAL-2024-001,QV-02,8,1,1,DUT_B,PBROWN,2024-11-15
QUAL-2024-001,QV-02,9,1,1,DUT_A,PBROWN,2024-11-15
QUAL-2024-001,QV-02,11,1,1,DUT_B,PBROWN,2024-11-15
QUAL-2024-001,QV-02,13,1,1,DUT_A,PBROWN,2024-11-15
QUAL-2024-001,QV-02,20,1,1,DUT_B,PBROWN,2024-11-15
QUAL-2024-001,QV-02,21,1,1,DUT_A,PBROWN,2024-11-15
QUAL-2024-001,QV-02,23,1,1,DUT_B,PBROWN,2024-11-15
QUAL-2024-001,QV-02,-26,2,1,DUT_B,PBROWN,2024-11-15
QUAL-2024-001,QV-02,-24,2,1,DUT_A,PBROWN,2024-11-15
QUAL-2024-001,QV-02,-16,2,1,DUT_A,PBROWN,2024-11-15
QUAL-2024-001,QV-02,-14,2,1,DUT_B,PBROWN,2024-11-15
QUAL-2024-001,QV-02,-12,2,1,DUT_A,PBROWN,2024-11-15
QUAL-2024-001,QV-02,-10,2,1,DUT_A,PBROWN,2024-11-15
QUAL-2024-001,QV-02,-8,2,1,DUT_B,PBROWN,2024-11-15
QUAL-2024-001,QV-02,-4,2,1,DUT_A,PBROWN,2024-11-15
QUAL-2024-001,QV-02,0,2,2,DUT_A,PBROWN,2024-11-15
QUAL-2024-001,QV-02,3,2,1,DUT_A,PBROWN,2024-11-15
QUAL-2024-001,QV-02,4,2,1,DUT_B,PBROWN,2024-11-15
QUAL-2024-001,QV-02,6,2,1,DUT_A,PBROWN,2024-11-15
QUAL-2024-001,QV-02,7,2,1,DUT_B,PBROWN,2024-11-15
QUAL-2024-001,QV-02,16,2,1,DUT_B,PBROWN,2024-11-15
QUAL-2024-001,QV-02,19,2,3,DUT_B,PBROWN,2024-11-15
QUAL-2024-001,QV-02,24,2,1,DUT_A,PBROWN,2024-11-15
QUAL-2024-001,QV-02,26,2,1,DUT_A,PBROWN,2024-11-15
QUAL-2024-001,QV-02,-25,3,1,DUT_A,PBROWN,2024-11-15
QUAL-2024-001,QV-02,-23,3,1,DUT_A,PBROWN,2024-11-15
QUAL-2024-001,QV-02,-17,3,1,DUT_A,PBROWN,2024-11-15
QUAL-2024-001,QV-02,-15,3,1,DUT_B,PBROWN,2024-11-15
QUAL-2024-001,QV-02,-14,3,1,DUT_A,PBROWN,2024-11-15
QUAL-2024-001,QV-02,-10,3,1,DUT_A,PBROWN,2024-11-15
QUAL-2024-001,QV-02,-8,3,1,DUT_A,PBROWN,2024-11-15
QUAL-2024-001,QV-02,-5,3,1,DUT_A,PBROWN,2024-11-15
QUAL-2024-001,QV-02,-3,3,1,DUT_B,PBROWN,2024-11-15
QUAL-2024-001,QV-02,0,3,1,DUT_B,PBROWN,2024-11-15
QUAL-2024-001,QV-02,2,3,1,DUT_A,PBROWN,2024-11-15
QUAL-2024-001,QV-02,5,3,1,DUT_A,PBROWN,2024-11-15
QUAL-2024-001,QV-02,6,3,1,DUT_B,PBROWN,2024-11-15
QUAL-2024-001,QV-02,8,3,1,DUT_A,PBROWN,2024-11-15
QUAL-2024-001,QV-02,9,3,1,DUT_B,PBROWN,2024-11-15
QUAL-2024-001,QV-02,11,3,1,DUT_A,PBROWN,2024-11-15
QUAL-2024-001,QV-02,12,3,1,DUT_B,PBROWN,2024-11-15
QUAL-2024-001,QV-02,14,3,1,DUT_A,PBROWN,2024-11-15
QUAL-2024-001,QV-02,22,3,1,DUT_A,PBROWN,2024-11-15
QUAL-2024-001,QV-02,24,3,1,DUT_B,PBROWN,2024-11-15
QUAL-2024-001,QV-02,-25,4,1,DUT_B,PBROWN,2024-11-15
QUAL-2024-001,QV-02,-22,4,1,DUT_B,PBROWN,2024-11-15
QUAL-2024-001,QV-02,-21,4,1,DUT_A,PBROWN,2024-11-15
QUAL-2024-001,QV-02,-18,4,1,DUT_A,PBROWN,2024-11-15
QUAL-2024-001,QV-02,-17,4,3,DUT_A,PBROWN,2024-11-15
QUAL-2024-001,QV-02,-14,4,1,DUT_A,PBROWN,2024-11-15
QUAL-2024-001,QV-02,-13,4,1,DUT_B,PBROWN,2024-11-15
QUAL-2024-001,QV-02,-8,4,1,DUT_A,PBROWN,2024-11-15
QUAL-2024-001,QV-02,0,4,1,DUT_A,PBROWN,2024-11-15
QUAL-2024-001,QV-02,1,4,1,DUT_A,PBROWN,2024-11-15
QUAL-2024-001,QV-02,3,4,1,DUT_A,PBROWN,2024-11-15
QUAL-2024-001,QV-02,8,4,1,DUT_B,PBROWN,2024-11-15
QUAL-2024-001,QV-02,14,4,1,DUT_B,PBROWN,2024-11-15
QUAL-2024-001,QV-02,17,4,1,DUT_B,PBROWN,2024-11-15
QUAL-2024-001,QV-02,19,4,1,DUT_A,PBROWN,2024-11-15
QUAL-2024-001,QV-02,20,4,1,DUT_B,PBROWN,2024-11-15
QUAL-2024-001,QV-02,21,4,1,DUT_A,PBROWN,2024-11-15
QUAL-2024-001,QV-02,22,4,1,DUT_A,PBROWN,2024-11-15
QUAL-2024-001,QV-02,26,4,1,DUT_B,PBROWN,2024-11-15
QUAL-2024-001,QV-02,-17,5,1,DUT_B,PBROWN,2024-11-15
QUAL-2024-001,QV-02,-16,5,1,DUT_A,PBROWN,2024-11-15
QUAL-2024-001,QV-02,-7,5,1,DUT_A,PBROWN,2024-11-15
QUAL-2024-001,QV-02,-1,5,1,DUT_A,PBROWN,2024-11-15
QUAL-2024-001,QV-02,0,5,1,DUT_A,PBROWN,2024-11-15
QUAL-2024-001,QV-02,2,5,1,DUT_A,PBROWN,2024-11-15
QUAL-2024-001,QV-02,3,5,1,DUT_A,PBROWN,2024-11-15
QUAL-2024-001,QV-02,5,5,1,DUT_A,PBROWN,2024-11-15
QUAL-2024-001,QV-02,7,5,1,DUT_B,PBROWN,2024-11-15
QUAL-2024-001,QV-02,8,5,1,DUT_A,PBROWN,2024-11-15
QUAL-2024-001,QV-02,16,5,1,DUT_B,PBROWN,2024-11-15
QUAL-2024-001,QV-02,18,5,1,DUT_A,PBROWN,2024-11-15
QUAL-2024-001,QV-02,19,5,1,DUT_B,PBROWN,2024-11-15
QUAL-2024-001,QV-02,22,5,1,DUT_B,PBROWN,2024-11-15
QUAL-2024-001,QV-02,26,5,1,DUT_A,PBROWN,2024-11-15
QUAL-2024-001,QV-02,-24,6,1,DUT_B,PBROWN,2024-11-15
QUAL-2024-001,QV-02,-21,6,1,DUT_B,PBROWN,2024-11-15
QUAL-2024-001,QV-02,-19,6,1,DUT_A,PBROWN,2024-11-15
QUAL-2024-001,QV-02,-14,6,1,DUT_A,PBROWN,2024-11-15
QUAL-2024-001,QV-02,-7,6,1,DUT_A,PBROWN,2024-11-15
QUAL-2024-001,QV-02,-4,6,1,DUT_A,PBROWN,2024-11-15
QUAL-2024-001,QV-02,2,6,1,DUT_A,PBROWN,2024-11-15
QUAL-2024-001,QV-02,6,6,1,DUT_B,PBROWN,2024-11-15
QUAL-2024-001,QV-02,7,6,1,DUT_A,PBROWN,2024-11-15
QUAL-2024-001,QV-02,8,6,1,DUT_A,PBROWN,2024-11-15
QUAL-2024-001,QV-02,9,6,1,DUT_B,PBROWN,2024-11-15
QUAL-2024-001,QV-02,11,6,1,DUT_A,PBROWN,2024-11-15
QUAL-2024-001,QV-02,13,6,1,DUT_A,PBROWN,2024-11-15
QUAL-2024-001,QV-02,15,6,1,DUT_B,PBROWN,2024-11-15
QUAL-2024-001,QV-02,24,6,1,DUT_B,PBROWN,2024-11-15
QUAL-2024-001,QV-02,-24,7,1,DUT_A,PBROWN,2024-11-15
QUAL-2024-001,QV-02,-19,7,1,DUT_B,PBROWN,2024-11-15
QUAL-2024-001,QV-02,-14,7,1,DUT_A,PBROWN,2024-11-15
QUAL-2024-001,QV-02,-13,7,1,DUT_B,PBROWN,2024-11-15
QUAL-2024-001,QV-02,-11,7,3,DUT_A,PBROWN,2024-11-15
QUAL-2024-001,QV-02,-9,7,1,DUT_A,PBROWN,2024-11-15
QUAL-2024-001,QV-02,-8,7,1,DUT_A,PBROWN,2024-11-15
QUAL-2024-001,QV-02,-5,7,1,DUT_A,PBROWN,2024-11-15
QUAL-2024-001,QV-02,1,7,1,DUT_A,PBROWN,2024-11-15
QUAL-2024-001,QV-02,3,7,1,DUT_A,PBROWN,2024-11-15
QUAL-2024-001,QV-02,11,7,1,DUT_B,PBROWN,2024-11-15
QUAL-2024-001,QV-02,12,7,2,DUT_A,PBROWN,2024-11-15
QUAL-2024-001,QV-02,13,7,1,DUT_A,PBROWN,2024-11-15
QUAL-2024-001,QV-02,16,7,1,DUT_A,PBROWN,2024-11-15
QUAL-2024-001,QV-02,19,7,1,DUT_A,PBROWN,2024-11-15
QUAL-2024-001,QV-02,20,7,1,DUT_B,PBROWN,2024-11-15
QUAL-2024-001,QV-02,23,7,1,DUT_B,PBROWN,2024-11-15
QUAL-2024-001,QV-02,-22,8,1,DUT_A,PBROWN,2024-11-15
QUAL-2024-001,QV-02,-21,8,1,DUT_A,PBROWN,2024-11-15
QUAL-2024-001,QV-02,-17,8,1,DUT_B,PBROWN,2024-11-15
QUAL-2024-001,QV-02,-15,8,2,DUT_A,PBROWN,2024-11-15
QUAL-2024-001,QV-02,-12,8,1,DUT_A,PBROWN,2024-11-15
QUAL-2024-001,QV-02,-10,8,1,DUT_A,PBROWN,2024-11-15
QUAL-2024-001,QV-02,-9,8,1,DUT_A,PBROWN,2024-11-15
QUAL-2024-001,QV-02,-8,8,1,DUT_B,PBROWN,2024-11-15
QUAL-2024-001,QV-02,-7,8,1,DUT_A,PBROWN,2024-11-15
QUAL-2024-001,QV-02,-4,8,1,DUT_A,PBROWN,2024-11-15
QUAL-2024-001,QV-02,0,8,1,DUT_A,PBROWN,2024-11-15
QUAL-2024-001,QV-02,3,8,1,DUT_A,PBROWN,2024-11-15
QUAL-2024-001,QV-02,4,8,1,DUT_B,PBROWN,2024-11-15
QUAL-2024-001,QV-02,5,8,1,DUT_A,PBROWN,2024-11-15
QUAL-2024-001,QV-02,9,8,2,DUT_A,PBROWN,2024-11-15
QUAL-2024-001,QV-02,17,8,1,DUT_A,PBROWN,2024-11-15
QUAL-2024-001,QV-02,23,8,3,DUT_A,PBROWN,2024-11-15
QUAL-2024-001,QV-02,-21,9,1,DUT_B,PBROWN,2024-11-15
QUAL-2024-001,QV-02,-14,9,1,DUT_A,PBROWN,2024-11-15
QUAL-2024-001,QV-02,-5,9,1,DUT_A,PBROWN,2024-11-15
QUAL-2024-001,QV-02,-4,9,1,DUT_A,PBROWN,2024-11-15
QUAL-2024-001,QV-02,4,9,1,DUT_A,PBROWN,2024-11-15
QUAL-2024-001,QV-02,7,9,1,DUT_A,PBROWN,2024-11-15
QUAL-2024-001,QV-02,8,9,1,DUT_A,PBROWN,2024-11-15
QUAL-2024-001,QV-02,16,9,1,DUT_A,PBROWN,2024-11-15
QUAL-2024-001,QV-02,18,9,1,DUT_B,PBROWN,2024-11-15
QUAL-2024-001,QV-02,20,9,1,DUT_A,PBROWN,2024-11-15
QUAL-2024-001,QV-02,21,9,1,DUT_B,PBROWN,2024-11-15
QUAL-2024-001,QV-02,-22,10,1,DUT_B,PBROWN,2024-11-15
QUAL-2024-001,QV-02,-21,10,1,DUT_A,PBROWN,2024-11-15
QUAL-2024-001,QV-02,-18,10,1,DUT_A,PBROWN,2024-11-15
QUAL-2024-001,QV-02,-3,10,1,DUT_A,PBROWN,2024-11-15
QUAL-2024-001,QV-02,3,10,1,DUT_A,PBROWN,2024-11-15
QUAL-2024-001,QV-02,6,10,1,DUT_A,PBROWN,2024-11-15
QUAL-2024-001,QV-02,14,10,1,DUT_B,PBROWN,2024-11-15
QUAL-2024-001,QV-02,19,10,1,DUT_A,PBROWN,2024-11-15
QUAL-2024-001,QV-02,20,10,1,DUT_B,PBROWN,2024-11-15
QUAL-2024-001,QV-02,21,10,1,DUT_A,PBROWN,2024-11-15
QUAL-2024-001,QV-02,22,10,1,DUT_A,PBROWN,2024-11-15
QUAL-2024-001,QV-02,-21,11,1,DUT_A,PBROWN,2024-11-15
QUAL-2024-001,QV-02,-14,11,1,DUT_B,PBROWN,2024-11-15
QUAL-2024-001,QV-02,-11,11,1,DUT_B,PBROWN,2024-11-15
QUAL-2024-001,QV-02,-3,11,1,DUT_A,PBROWN,2024-11-15
QUAL-2024-001,QV-02,-2,11,1,DUT_B,PBROWN,2024-11-15
QUAL-2024-001,QV-02,7,11,1,DUT_B,PBROWN,2024-11-15
QUAL-2024-001,QV-02,8,11,1,DUT_A,PBROWN,2024-11-15
QUAL-2024-001,QV-02,14,11,1,DUT_A,PBROWN,2024-11-15
QUAL-2024-001,QV-02,19,11,1,DUT_B,PBROWN,2024-11-15
QUAL-2024-001,QV-02,20,11,1,DUT_A,PBROWN,2024-11-15
QUAL-2024-001,QV-02,-20,12,1,DUT_A,PBROWN,2024-11-15
QUAL-2024-001,QV-02,-19,12,1,DUT_A,PBROWN,2024-11-15
QUAL-2024-001,QV-02,-12,12,1,DUT_B,PBROWN,2024-11-15
QUAL-2024-001,QV-02,-7,12,1,DUT_A,PBROWN,2024-11-15
QUAL-2024-001,QV-02,-5,12,1,DUT_A,PBROWN,2024-11-15
QUAL-2024-001,QV-02,9,12,1,DUT_B,PBROWN,2024-11-15
QUAL-2024-001,QV-02,15,12,1,DUT_B,PBROWN,2024-11-15
QUAL-2024-001,QV-02,16,12,1,DUT_A,PBROWN,2024-11-15
QUAL-2024-001,QV-02,17,12,1,DUT_A,PBROWN,2024-11-15
QUAL-2024-001,QV-02,18,12,1,DUT_B,PBROWN,2024-11-15
QUAL-2024-001,QV-02,-18,13,1,DUT_A,PBROWN,2024-11-15
QUAL-2024-001,QV-02,-16,13,1,DUT_B,PBROWN,2024-11-15
QUAL-2024-001,QV-02,-13,13,1,DUT_B,PBROWN,2024-11-15
QUAL-2024-001,QV-02,-9,13,1,DUT_A,PBROWN,2024-11-15
QUAL-2024-001,QV-02,-7,13,1,DUT_B,PBROWN,2024-11-15
QUAL-2024-001,QV-02,-3,13,1,DUT_A,PBROWN,2024-11-15
QUAL-2024-001,QV-02,0,13,2,DUT_A,PBROWN,2024-11-15
QUAL-2024-001,QV-02,1,13,1,DUT_A,PBROWN,2024-11-15
QUAL-2024-001,QV-02,2,13,1,DUT_B,PBROWN,2024-11-15
QUAL-2024-001,QV-02,3,13,1,DUT_A,PBROWN,2024-11-15
QUAL-2024-001,QV-02,4,13,1,DUT_A,PBROWN,2024-11-15
QUAL-2024-001,QV-02,9,13,1,DUT_A,PBROWN,2024-11-15
QUAL-2024-001,QV-02,10,13,1,DUT_A,PBROWN,2024-11-15
QUAL-2024-001,QV-02,12,13,1,DUT_A,PBROWN,2024-11-15
QUAL-2024-001,QV-02,18,13,1,DUT_A,PBROWN,2024-11-15
QUAL-2024-001,QV-02,-15,14,1,DUT_A,PBROWN,2024-11-15
QUAL-2024-001,QV-02,1,14,1,DUT_B,PBROWN,2024-11-15
QUAL-2024-001,QV-02,2,14,1,DUT_A,PBROWN,2024-11-15
QUAL-2024-001,QV-02,4,14,1,DUT_B,PBROWN,2024-11-15
QUAL-2024-001,QV-02,5,14,1,DUT_A,PBROWN,2024-11-15
QUAL-2024-001,QV-02,6,14,1,DUT_A,PBROWN,2024-11-15
QUAL-2024-001,QV-02,11,14,1,DUT_A,PBROWN,2024-11-15
QUAL-2024-001,QV-02,15,14,1,DUT_A,PBROWN,2024-11-15
QUAL-2024-001,QV-02,-15,15,1,DUT_B,PBROWN,2024-11-15
QUAL-2024-001,QV-02,-5,15,1,DUT_A,PBROWN,2024-11-15
QUAL-2024-001,QV-02,-4,15,1,DUT_A,PBROWN,2024-11-15
QUAL-2024-001,QV-02,-3,15,1,DUT_B,PBROWN,2024-11-15
QUAL-2024-001,QV-02,-2,15,1,DUT_A,PBROWN,2024-11-15
QUAL-2024-001,QV-02,-1,15,1,DUT_A,PBROWN,2024-11-15
QUAL-2024-001,QV-02,0,15,1,DUT_B,PBROWN,2024-11-15
QUAL-2024-001,QV-02,2,15,1,DUT_A,PBROWN,2024-11-15
QUAL-2024-001,QV-02,3,15,1,DUT_B,PBROWN,2024-11-15
QUAL-2024-001,QV-02,10,15,1,DUT_A,PBROWN,2024-11-15
QUAL-2024-001,QV-02,14,15,3,DUT_A,PBROWN,2024-11-15
QUAL-2024-001,QV-02,-12,16,3,DUT_A,PBROWN,2024-11-15
QUAL-2024-001,QV-02,-4,16,1,DUT_B,PBROWN,2024-11-15
QUAL-2024-001,QV-02,-2,16,1,DUT_A,PBROWN,2024-11-15
QUAL-2024-001,QV-02,0,16,1,DUT_A,PBROWN,2024-11-15
QUAL-2024-001,QV-02,1,16,3,DUT_A,PBROWN,2024-11-15
QUAL-2024-001,QV-02,10,16,1,DUT_A,PBROWN,2024-11-15
QUAL-2024-001,QV-02,13,16,2,DUT_A,PBROWN,2024-11-15
QUAL-2024-001,QV-02,-7,17,1,DUT_A,PBROWN,2024-11-15
QUAL-2024-001,QV-02,2,17,1,DUT_A,PBROWN,2024-11-15
QUAL-2024-001,QV-02,3,17,1,DUT_A,PBROWN,2024-11-15
QUAL-2024-001,QV-02,7,17,2,DUT_B,PBROWN,2024-11-15
QUAL-2024-001,QV-02,-4,18,1,DUT_A,PBROWN,2024-11-15
QUAL-2024-001,QV-02,-2,18,1,DUT_A,PBROWN,2024-11-15
QUAL-2024-001,QV-02,1,18,1,DUT_A,PBROWN,2024-11-15
QUAL-2024-001,QV-02,4,18,1,DUT_A,PBROWN,2024-11-15
QUAL-2024-001,QV-03,-4,-18,1,DUT_A,JSMITH,2024-11-15
QUAL-2024-001,QV-03,-7,-17,1,DUT_B,JSMITH,2024-11-15
QUAL-2024-001,QV-03,-5,-17,1,DUT_A,JSMITH,2024-11-15
QUAL-2024-001,QV-03,-3,-17,1,DUT_A,JSMITH,2024-11-15
QUAL-2024-001,QV-03,0,-17,1,DUT_A,JSMITH,2024-11-15
QUAL-2024-001,QV-03,4,-17,1,DUT_A,JSMITH,2024-11-15
QUAL-2024-001,QV-03,8,-17,1,DUT_B,JSMITH,2024-11-15
QUAL-2024-001,QV-03,-7,-16,2,DUT_A,JSMITH,2024-11-15
QUAL-2024-001,QV-03,11,-16,1,DUT_A,JSMITH,2024-11-15
QUAL-2024-001,QV-03,-9,-15,1,DUT_B,JSMITH,2024-11-15
QUAL-2024-001,QV-03,-3,-15,2,DUT_B,JSMITH,2024-11-15
QUAL-2024-001,QV-03,-2,-15,1,DUT_A,JSMITH,2024-11-15
QUAL-2024-001,QV-03,-1,-15,1,DUT_A,JSMITH,2024-11-15
QUAL-2024-001,QV-03,1,-15,1,DUT_A,JSMITH,2024-11-15
QUAL-2024-001,QV-03,6,-15,1,DUT_B,JSMITH,2024-11-15
QUAL-2024-001,QV-03,8,-15,1,DUT_A,JSMITH,2024-11-15
QUAL-2024-001,QV-03,13,-15,1,DUT_A,JSMITH,2024-11-15
QUAL-2024-001,QV-03,14,-15,1,DUT_A,JSMITH,2024-11-15
QUAL-2024-001,QV-03,-13,-14,1,DUT_B,JSMITH,2024-11-15
QUAL-2024-001,QV-03,-11,-14,1,DUT_A,JSMITH,2024-11-15
QUAL-2024-001,QV-03,-8,-14,1,DUT_A,JSMITH,2024-11-15
QUAL-2024-001,QV-03,-4,-14,1,DUT_B,JSMITH,2024-11-15
QUAL-2024-001,QV-03,0,-14,1,DUT_A,JSMITH,2024-11-15
QUAL-2024-001,QV-03,3,-14,1,DUT_A,JSMITH,2024-11-15
QUAL-2024-001,QV-03,6,-14,1,DUT_A,JSMITH,2024-11-15
QUAL-2024-001,QV-03,7,-14,1,DUT_A,JSMITH,2024-11-15
QUAL-2024-001,QV-03,8,-14,1,DUT_B,JSMITH,2024-11-15
QUAL-2024-001,QV-03,11,-14,1,DUT_B,JSMITH,2024-11-15
QUAL-2024-001,QV-03,-13,-13,1,DUT_A,JSMITH,2024-11-15
QUAL-2024-001,QV-03,-8,-13,1,DUT_B,JSMITH,2024-11-15
QUAL-2024-001,QV-03,-7,-13,1,DUT_A,JSMITH,2024-11-15
QUAL-2024-001,QV-03,-6,-13,1,DUT_A,JSMITH,2024-11-15
QUAL-2024-001,QV-03,-4,-13,1,DUT_A,JSMITH,2024-11-15
QUAL-2024-001,QV-03,1,-13,1,DUT_B,JSMITH,2024-11-15
QUAL-2024-001,QV-03,2,-13,1,DUT_A,JSMITH,2024-11-15
QUAL-2024-001,QV-03,4,-13,1,DUT_B,JSMITH,2024-11-15
QUAL-2024-001,QV-03,6,-13,1,DUT_A,JSMITH,2024-11-15
QUAL-2024-001,QV-03,8,-13,1,DUT_A,JSMITH,2024-11-15
QUAL-2024-001,QV-03,12,-13,1,DUT_A,JSMITH,2024-11-15
QUAL-2024-001,QV-03,17,-13,1,DUT_A,JSMITH,2024-11-15
QUAL-2024-001,QV-03,19,-13,1,DUT_B,JSMITH,2024-11-15
QUAL-2024-001,QV-03,-14,-12,1,DUT_A,JSMITH,2024-11-15
QUAL-2024-001,QV-03,-11,-12,1,DUT_A,JSMITH,2024-11-15
QUAL-2024-001,QV-03,-6,-12,1,DUT_B,JSMITH,2024-11-15
QUAL-2024-001,QV-03,10,-12,1,DUT_A,JSMITH,2024-11-15
QUAL-2024-001,QV-03,11,-12,1,DUT_A,JSMITH,2024-11-15
QUAL-2024-001,QV-03,14,-12,1,DUT_A,JSMITH,2024-11-15
QUAL-2024-001,QV-03,18,-12,1,DUT_B,JSMITH,2024-11-15
QUAL-2024-001,QV-03,-17,-11,1,DUT_A,JSMITH,2024-11-15
QUAL-2024-001,QV-03,-13,-11,1,DUT_B,JSMITH,2024-11-15
QUAL-2024-001,QV-03,-2,-11,1,DUT_A,JSMITH,2024-11-15
QUAL-2024-001,QV-03,-1,-11,1,DUT_B,JSMITH,2024-11-15
QUAL-2024-001,QV-03,5,-11,1,DUT_B,JSMITH,2024-11-15
QUAL-2024-001,QV-03,6,-11,1,DUT_A,JSMITH,2024-11-15
QUAL-2024-001,QV-03,13,-11,1,DUT_A,JSMITH,2024-11-15
QUAL-2024-001,QV-03,17,-11,1,DUT_B,JSMITH,2024-11-15
QUAL-2024-001,QV-03,-21,-10,1,DUT_A,JSMITH,2024-11-15
QUAL-2024-001,QV-03,-20,-10,1,DUT_B,JSMITH,2024-11-15
QUAL-2024-001,QV-03,-11,-10,1,DUT_B,JSMITH,2024-11-15
QUAL-2024-001,QV-03,-10,-10,1,DUT_A,JSMITH,2024-11-15
QUAL-2024-001,QV-03,-8,-10,1,DUT_B,JSMITH,2024-11-15
QUAL-2024-001,QV-03,-7,-10,1,DUT_A,JSMITH,2024-11-15
QUAL-2024-001,QV-03,-6,-10,1,DUT_A,JSMITH,2024-11-15
QUAL-2024-001,QV-03,-4,-10,1,DUT_A,JSMITH,2024-11-15
QUAL-2024-001,QV-03,2,-10,1,DUT_A,JSMITH,2024-11-15
QUAL-2024-001,QV-03,4,-10,1,DUT_B,JSMITH,2024-11-15
QUAL-2024-001,QV-03,10,-10,1,DUT_B,JSMITH,2024-11-15
QUAL-2024-001,QV-03,12,-10,1,DUT_A,JSMITH,2024-11-15
QUAL-2024-001,QV-03,19,-10,1,DUT_B,JSMITH,2024-11-15
QUAL-2024-001,QV-03,20,-10,1,DUT_A,JSMITH,2024-11-15
QUAL-2024-001,QV-03,-19,-9,1,DUT_A,JSMITH,2024-11-15
QUAL-2024-001,QV-03,-15,-9,1,DUT_B,JSMITH,2024-11-15
QUAL-2024-001,QV-03,-12,-9,1,DUT_B,JSMITH,2024-11-15
QUAL-2024-001,QV-03,-11,-9,1,DUT_A,JSMITH,2024-11-15
QUAL-2024-001,QV-03,-7,-9,1,DUT_A,JSMITH,2024-11-15
QUAL-2024-001,QV-03,-5,-9,1,DUT_A,JSMITH,2024-11-15
QUAL-2024-001,QV-03,1,-9,1,DUT_A,JSMITH,2024-11-15
QUAL-2024-001,QV-03,2,-9,1,DUT_A,JSMITH,2024-11-15
QUAL-2024-001,QV-03,3,-9,1,DUT_B,JSMITH,2024-11-15
QUAL-2024-001,QV-03,6,-9,1,DUT_B,JSMITH,2024-11-15
QUAL-2024-001,QV-03,7,-9,1,DUT_A,JSMITH,2024-11-15
QUAL-2024-001,QV-03,9,-9,1,DUT_B,JSMITH,2024-11-15
QUAL-2024-001,QV-03,16,-9,1,DUT_A,JSMITH,2024-11-15
QUAL-2024-001,QV-03,-24,-8,1,DUT_A,JSMITH,2024-11-15
QUAL-2024-001,QV-03,-23,-8,1,DUT_A,JSMITH,2024-11-15
QUAL-2024-001,QV-03,-22,-8,1,DUT_B,JSMITH,2024-11-15
QUAL-2024-001,QV-03,-19,-8,1,DUT_B,JSMITH,2024-11-15
QUAL-2024-001,QV-03,-18,-8,1,DUT_A,JSMITH,2024-11-15
QUAL-2024-001,QV-03,-15,-8,1,DUT_A,JSMITH,2024-11-15
QUAL-2024-001,QV-03,-8,-8,1,DUT_A,JSMITH,2024-11-15
QUAL-2024-001,QV-03,-3,-8,1,DUT_A,JSMITH,2024-11-15
QUAL-2024-001,QV-03,-1,-8,1,DUT_B,JSMITH,2024-11-15
QUAL-2024-001,QV-03,2,-8,1,DUT_B,JSMITH,2024-11-15
QUAL-2024-001,QV-03,8,-8,1,DUT_B,JSMITH,2024-11-15
QUAL-2024-001,QV-03,12,-8,1,DUT_A,JSMITH,2024-11-15
QUAL-2024-001,QV-03,14,-8,1,DUT_B,JSMITH,2024-11-15
QUAL-2024-001,QV-03,17,-8,3,DUT_B,JSMITH,2024-11-15
QUAL-2024-001,QV-03,18,-8,1,DUT_A,JSMITH,2024-11-15
QUAL-2024-001,QV-03,20,-8,1,DUT_B,JSMITH,2024-11-15
QUAL-2024-001,QV-03,22,-8,1,DUT_A,JSMITH,2024-11-15
QUAL-2024-001,QV-03,-24,-7,1,DUT_A,JSMITH,2024-11-15
QUAL-2024-001,QV-03,-20,-7,1,DUT_B,JSMITH,2024-11-15
QUAL-2024-001,QV-03,-13,-7,1,DUT_A,JSMITH,2024-11-15
QUAL-2024-001,QV-03,-11,-7,1,DUT_B,JSMITH,2024-11-15
QUAL-2024-001,QV-03,-9,-7,1,DUT_A,JSMITH,2024-11-15
QUAL-2024-001,QV-03,-8,-7,1,DUT_B,JSMITH,2024-11-15
QUAL-2024-001,QV-03,-7,-7,1,DUT_A,JSMITH,2024-11-15
QUAL-2024-001,QV-03,-6,-7,1,DUT_A,JSMITH,2024-11-15
QUAL-2024-001,QV-03,-5,-7,1,DUT_B,JSMITH,2024-11-15
QUAL-2024-001,QV-03,-1,-7,1,DUT_A,JSMITH,2024-11-15
QUAL-2024-001,QV-03,2,-7,1,DUT_A,JSMITH,2024-11-15
QUAL-2024-001,QV-03,3,-7,1,DUT_A,JSMITH,2024-11-15
QUAL-2024-001,QV-03,4,-7,1,DUT_B,JSMITH,2024-11-15
QUAL-2024-001,QV-03,7,-7,1,DUT_B,JSMITH,2024-11-15
QUAL-2024-001,QV-03,10,-7,1,DUT_B,JSMITH,2024-11-15
QUAL-2024-001,QV-03,14,-7,1,DUT_A,JSMITH,2024-11-15
QUAL-2024-001,QV-03,23,-7,1,DUT_A,JSMITH,2024-11-15
QUAL-2024-001,QV-03,-23,-6,1,DUT_A,JSMITH,2024-11-15
QUAL-2024-001,QV-03,-21,-6,1,DUT_B,JSMITH,2024-11-15
QUAL-2024-001,QV-03,-20,-6,1,DUT_A,JSMITH,2024-11-15
QUAL-2024-001,QV-03,-18,-6,1,DUT_B,JSMITH,2024-11-15
QUAL-2024-001,QV-03,-17,-6,1,DUT_A,JSMITH,2024-11-15
QUAL-2024-001,QV-03,-16,-6,1,DUT_A,JSMITH,2024-11-15
QUAL-2024-001,QV-03,-12,-6,1,DUT_B,JSMITH,2024-11-15
QUAL-2024-001,QV-03,-8,-6,1,DUT_A,JSMITH,2024-11-15
QUAL-2024-001,QV-03,-4,-6,1,DUT_A,JSMITH,2024-11-15
QUAL-2024-001,QV-03,-3,-6,1,DUT_B,JSMITH,2024-11-15
QUAL-2024-001,QV-03,-1,-6,1,DUT_A,JSMITH,2024-11-15
QUAL-2024-001,QV-03,0,-6,1,DUT_B,JSMITH,2024-11-15
QUAL-2024-001,QV-03,12,-6,1,DUT_B,JSMITH,2024-11-15
QUAL-2024-001,QV-03,16,-6,1,DUT_A,JSMITH,2024-11-15
QUAL-2024-001,QV-03,17,-6,1,DUT_A,JSMITH,2024-11-15
QUAL-2024-001,QV-03,19,-6,1,DUT_A,JSMITH,2024-11-15
QUAL-2024-001,QV-03,21,-6,1,DUT_B,JSMITH,2024-11-15
QUAL-2024-001,QV-03,-23,-5,1,DUT_A,JSMITH,2024-11-15
QUAL-2024-001,QV-03,-22,-5,1,DUT_B,JSMITH,2024-11-15
QUAL-2024-001,QV-03,-21,-5,2,DUT_A,JSMITH,2024-11-15
QUAL-2024-001,QV-03,-17,-5,1,DUT_A,JSMITH,2024-11-15
QUAL-2024-001,QV-03,-12,-5,1,DUT_A,JSMITH,2024-11-15
QUAL-2024-001,QV-03,-11,-5,1,DUT_A,JSMITH,2024-11-15
QUAL-2024-001,QV-03,-10,-5,3,DUT_B,JSMITH,2024-11-15
QUAL-2024-001,QV-03,-4,-5,1,DUT_B,JSMITH,2024-11-15
QUAL-2024-001,QV-03,-2,-5,1,DUT_A,JSMITH,2024-11-15
QUAL-2024-001,QV-03,-1,-5,1,DUT_B,JSMITH,2024-11-15
QUAL-2024-001,QV-03,1,-5,1,DUT_A,JSMITH,2024-11-15
QUAL-2024-001,QV-03,6,-5,1,DUT_A,JSMITH,2024-11-15
QUAL-2024-001,QV-03,7,-5,1,DUT_A,JSMITH,2024-11-15
QUAL-2024-001,QV-03,13,-5,1,DUT_A,JSMITH,2024-11-15
QUAL-2024-001,QV-03,15,-5,1,DUT_A,JSMITH,2024-11-15
QUAL-2024-001,QV-03,18,-5,1,DUT_A,JSMITH,2024-11-15
QUAL-2024-001,QV-03,19,-5,1,DUT_A,JSMITH,2024-11-15
QUAL-2024-001,QV-03,22,-5,1,DUT_A,JSMITH,2024-11-15
QUAL-2024-001,QV-03,23,-5,1,DUT_B,JSMITH,2024-11-15
QUAL-2024-001,QV-03,-26,-4,1,DUT_B,JSMITH,2024-11-15
QUAL-2024-001,QV-03,-22,-4,1,DUT_A,JSMITH,2024-11-15
QUAL-2024-001,QV-03,-20,-4,1,DUT_B,JSMITH,2024-11-15
QUAL-2024-001,QV-03,-17,-4,1,DUT_B,JSMITH,2024-11-15
QUAL-2024-001,QV-03,-14,-4,1,DUT_B,JSMITH,2024-11-15
QUAL-2024-001,QV-03,-12,-4,1,DUT_A,JSMITH,2024-11-15
QUAL-2024-001,QV-03,-10,-4,1,DUT_A,JSMITH,2024-11-15
QUAL-2024-001,QV-03,-9,-4,1,DUT_A,JSMITH,2024-11-15
QUAL-2024-001,QV-03,-5,-4,1,DUT_B,JSMITH,2024-11-15
QUAL-2024-001,QV-03,-4,-4,1,DUT_A,JSMITH,2024-11-15
QUAL-2024-001,QV-03,0,-4,1,DUT_A,JSMITH,2024-11-15
QUAL-2024-001,QV-03,5,-4,1,DUT_A,JSMITH,2024-11-15
QUAL-2024-001,QV-03,8,-4,1,DUT_A,JSMITH,2024-11-15
QUAL-2024-001,QV-03,9,-4,1,DUT_A,JSMITH,2024-11-15
QUAL-2024-001,QV-03,11,-4,1,DUT_A,JSMITH,2024-11-15
QUAL-2024-001,QV-03,12,-4,1,DUT_A,JSMITH,2024-11-15
QUAL-2024-001,QV-03,19,-4,1,DUT_B,JSMITH,2024-11-15
QUAL-2024-001,QV-03,-24,-3,1,DUT_B,JSMITH,2024-11-15
QUAL-2024-001,QV-03,-22,-3,1,DUT_A,JSMITH,2024-11-15
QUAL-2024-001,QV-03,-17,-3,1,DUT_A,JSMITH,2024-11-15
QUAL-2024-001,QV-03,-12,-3,1,DUT_B,JSMITH,2024-11-15
QUAL-2024-001,QV-03,-11,-3,1,DUT_A,JSMITH,2024-11-15
QUAL-2024-001,QV-03,-3,-3,1,DUT_B,JSMITH,2024-11-15
QUAL-2024-001,QV-03,1,-3,1,DUT_A,JSMITH,2024-11-15
QUAL-2024-001,QV-03,3,-3,1,DUT_B,JSMITH,2024-11-15
QUAL-2024-001,QV-03,5,-3,1,DUT_A,JSMITH,2024-11-15
QUAL-2024-001,QV-03,7,-3,1,DUT_A,JSMITH,2024-11-15
QUAL-2024-001,QV-03,8,-3,1,DUT_A,JSMITH,2024-11-15
QUAL-2024-001,QV-03,12,-3,1,DUT_B,JSMITH,2024-11-15
QUAL-2024-001,QV-03,13,-3,1,DUT_A,JSMITH,2024-11-15
QUAL-2024-001,QV-03,16,-3,1,DUT_A,JSMITH,2024-11-15
QUAL-2024-001,QV-03,21,-3,1,DUT_B,JSMITH,2024-11-15
QUAL-2024-001,QV-03,24,-3,1,DUT_B,JSMITH,2024-11-15
QUAL-2024-001,QV-03,-19,-2,1,DUT_B,JSMITH,2024-11-15
QUAL-2024-001,QV-03,-18,-2,1,DUT_A,JSMITH,2024-11-15
QUAL-2024-001,QV-03,-17,-2,1,DUT_A,JSMITH,2024-11-15
QUAL-2024-001,QV-03,-9,-2,1,DUT_A,JSMITH,2024-11-15
QUAL-2024-001,QV-03,-5,-2,1,DUT_A,JSMITH,2024-11-15
QUAL-2024-001,QV-03,-4,-2,1,DUT_B,JSMITH,2024-11-15
QUAL-2024-001,QV-03,-3,-2,1,DUT_A,JSMITH,2024-11-15
QUAL-2024-001,QV-03,0,-2,1,DUT_A,JSMITH,2024-11-15
QUAL-2024-001,QV-03,8,-2,1,DUT_B,JSMITH,2024-11-15
QUAL-2024-001,QV-03,9,-2,1,DUT_A,JSMITH,2024-11-15
QUAL-2024-001,QV-03,12,-2,1,DUT_A,JSMITH,2024-11-15
QUAL-2024-001,QV-03,13,-2,1,DUT_A,JSMITH,2024-11-15
QUAL-2024-001,QV-03,14,-2,1,DUT_B,JSMITH,2024-11-15
QUAL-2024-001,QV-03,18,-2,1,DUT_A,JSMITH,2024-11-15
QUAL-2024-001,QV-03,19,-2,1,DUT_A,JSMITH,2024-11-15
QUAL-2024-001,QV-03,24,-2,1,DUT_A,JSMITH,2024-11-15
QUAL-2024-001,QV-03,25,-2,1,DUT_A,JSMITH,2024-11-15
QUAL-2024-001,QV-03,-21,-1,1,DUT_A,JSMITH,2024-11-15
QUAL-2024-001,QV-03,-19,-1,1,DUT_A,JSMITH,2024-11-15
QUAL-2024-001,QV-03,-17,-1,1,DUT_B,JSMITH,2024-11-15
QUAL-2024-001,QV-03,-16,-1,1,DUT_A,JSMITH,2024-11-15
QUAL-2024-001,QV-03,-10,-1,1,DUT_A,JSMITH,2024-11-15
QUAL-2024-001,QV-03,-9,-1,1,DUT_A,JSMITH,2024-11-15
QUAL-2024-001,QV-03,-8,-1,1,DUT_B,JSMITH,2024-11-15
QUAL-2024-001,QV-03,-6,-1,1,DUT_A,JSMITH,2024-11-15
QUAL-2024-001,QV-03,-2,-1,1,DUT_B,JSMITH,2024-11-15
QUAL-2024-001,QV-03,0,-1,1,DUT_A,JSMITH,2024-11-15
QUAL-2024-001,QV-03,4,-1,1,DUT_B,JSMITH,2024-11-15
QUAL-2024-001,QV-03,5,-1,1,DUT_A,JSMITH,2024-11-15
QUAL-2024-001,QV-03,6,-1,2,DUT_A,JSMITH,2024-11-15
QUAL-2024-001,QV-03,8,-1,1,DUT_A,JSMITH,2024-11-15
QUAL-2024-001,QV-03,11,-1,1,DUT_A,JSMITH,2024-11-15
QUAL-2024-001,QV-03,12,-1,1,DUT_A,JSMITH,2024-11-15
QUAL-2024-001,QV-03,14,-1,1,DUT_A,JSMITH,2024-11-15
QUAL-2024-001,QV-03,16,-1,1,DUT_B,JSMITH,2024-11-15
QUAL-2024-001,QV-03,17,-1,1,DUT_A,JSMITH,2024-11-15
QUAL-2024-001,QV-03,21,-1,1,DUT_A,JSMITH,2024-11-15
QUAL-2024-001,QV-03,23,-1,1,DUT_A,JSMITH,2024-11-15
QUAL-2024-001,QV-03,24,-1,1,DUT_A,JSMITH,2024-11-15
QUAL-2024-001,QV-03,27,-1,2,DUT_A,JSMITH,2024-11-15
QUAL-2024-001,QV-03,-27,0,1,DUT_B,JSMITH,2024-11-15
QUAL-2024-001,QV-03,-26,0,1,DUT_A,JSMITH,2024-11-15
QUAL-2024-001,QV-03,-23,0,1,DUT_A,JSMITH,2024-11-15
QUAL-2024-001,QV-03,-20,0,1,DUT_A,JSMITH,2024-11-15
QUAL-2024-001,QV-03,-15,0,1,DUT_B,JSMITH,2024-11-15
QUAL-2024-001,QV-03,-13,0,1,DUT_A,JSMITH,2024-11-15
QUAL-2024-001,QV-03,-12,0,1,DUT_B,JSMITH,2024-11-15
QUAL-2024-001,QV-03,-9,0,1,DUT_B,JSMITH,2024-11-15
QUAL-2024-001,QV-03,-7,0,1,DUT_A,JSMITH,2024-11-15
QUAL-2024-001,QV-03,-5,0,1,DUT_A,JSMITH,2024-11-15
QUAL-2024-001,QV-03,-1,0,2,DUT_A,JSMITH,2024-11-15
QUAL-2024-001,QV-03,3,0,1,DUT_B,JSMITH,2024-11-15
QUAL-2024-001,QV-03,4,0,1,DUT_A,JSMITH,2024-11-15
QUAL-2024-001,QV-03,6,0,1,DUT_B,JSMITH,2024-11-15
QUAL-2024-001,QV-03,10,0,1,DUT_A,JSMITH,2024-11-15
QUAL-2024-001,QV-03,13,0,1,DUT_A,JSMITH,2024-11-15
QUAL-2024-001,QV-03,25,0,1,DUT_A,JSMITH,2024-11-15
QUAL-2024-001,QV-03,26,0,1,DUT_A,JSMITH,2024-11-15
QUAL-2024-001,QV-03,27,0,2,DUT_B,JSMITH,2024-11-15
QUAL-2024-001,QV-03,-27,1,2,DUT_A,JSMITH,2024-11-15
QUAL-2024-001,QV-03,-24,1,1,DUT_A,JSMITH,2024-11-15
QUAL-2024-001,QV-03,-23,1,1,DUT_A,JSMITH,2024-11-15
QUAL-2024-001,QV-03,-21,1,1,DUT_A,JSMITH,2024-11-15
QUAL-2024-001,QV-03,-20,1,1,DUT_A,JSMITH,2024-11-15
QUAL-2024-001,QV-03,-18,1,2,DUT_A,JSMITH,2024-11-15
QUAL-2024-001,QV-03,-17,1,1,DUT_A,JSMITH,2024-11-15
QUAL-2024-001,QV-03,-16,1,1,DUT_B,JSMITH,2024-11-15
QUAL-2024-001,QV-03,-12,1,1,DUT_A,JSMITH,2024-11-15
QUAL-2024-001,QV-03,-10,1,1,DUT_B,JSMITH,2024-11-15
QUAL-2024-001,QV-03,-9,1,1,DUT_A,JSMITH,2024-11-15
QUAL-2024-001,QV-03,-8,1,1,DUT_A,JSMITH,2024-11-15
QUAL-2024-001,QV-03,-4,1,1,DUT_B,JSMITH,2024-11-15
QUAL-2024-001,QV-03,-2,1,1,DUT_A,JSMITH,2024-11-15
QUAL-2024-001,QV-03,-1,1,1,DUT_B,JSMITH,2024-11-15
QUAL-2024-001,QV-03,4,1,1,DUT_A,JSMITH,2024-11-15
QUAL-2024-001,QV-03,8,1,1,DUT_B,JSMITH,2024-11-15
QUAL-2024-001,QV-03,9,1,1,DUT_A,JSMITH,2024-11-15
QUAL-2024-001,QV-03,11,1,1,DUT_B,JSMITH,2024-11-15
QUAL-2024-001,QV-03,12,1,1,DUT_A,JSMITH,2024-11-15
QUAL-2024-001,QV-03,18,1,1,DUT_A,JSMITH,2024-11-15
QUAL-2024-001,QV-03,23,1,1,DUT_B,JSMITH,2024-11-15
QUAL-2024-001,QV-03,24,1,1,DUT_A,JSMITH,2024-11-15
QUAL-2024-001,QV-03,25,1,1,DUT_A,JSMITH,2024-11-15
QUAL-2024-001,QV-03,27,1,1,DUT_A,JSMITH,2024-11-15
QUAL-2024-001,QV-03,-22,2,1,DUT_A,JSMITH,2024-11-15
QUAL-2024-001,QV-03,-18,2,1,DUT_A,JSMITH,2024-11-15
QUAL-2024-001,QV-03,-15,2,1,DUT_A,JSMITH,2024-11-15
QUAL-2024-001,QV-03,-14,2,1,DUT_B,JSMITH,2024-11-15
QUAL-2024-001,QV-03,-11,2,1,DUT_B,JSMITH,2024-11-15
QUAL-2024-001,QV-03,-7,2,1,DUT_A,JSMITH,2024-11-15
QUAL-2024-001,QV-03,-5,2,1,DUT_B,JSMITH,2024-11-15
QUAL-2024-001,QV-03,-4,2,1,DUT_A,JSMITH,2024-11-15
QUAL-2024-001,QV-03,-3,2,1,DUT_A,JSMITH,2024-11-15
QUAL-2024-001,QV-03,-2,2,1,DUT_B,JSMITH,2024-11-15
QUAL-2024-001,QV-03,-1,2,1,DUT_A,JSMITH,2024-11-15
QUAL-2024-001,QV-03,3,2,1,DUT_A,JSMITH,2024-11-15
QUAL-2024-001,QV-03,4,2,1,DUT_B,JSMITH,2024-11-15
QUAL-2024-001,QV-03,6,2,1,DUT_A,JSMITH,2024-11-15
QUAL-2024-001,QV-03,10,2,1,DUT_B,JSMITH,2024-11-15
QUAL-2024-001,QV-03,13,2,1,DUT_B,JSMITH,2024-11-15
QUAL-2024-001,QV-03,17,2,2,DUT_A,JSMITH,2024-11-15
QUAL-2024-001,QV-03,24,2,1,DUT_A,JSMITH,2024-11-15
QUAL-2024-001,QV-03,25,2,1,DUT_B,JSMITH,2024-11-15
QUAL-2024-001,QV-03,-26,3,1,DUT_A,JSMITH,2024-11-15
QUAL-2024-001,QV-03,-22,3,1,DUT_A,JSMITH,2024-11-15
QUAL-2024-001,QV-03,-17,3,1,DUT_A,JSMITH,2024-11-15
QUAL-2024-001,QV-03,-14,3,1,DUT_A,JSMITH,2024-11-15
QUAL-2024-001,QV-03,-12,3,1,DUT_B,JSMITH,2024-11-15
QUAL-2024-001,QV-03,-7,3,1,DUT_A,JSMITH,2024-11-15
QUAL-2024-001,QV-03,-6,3,3,DUT_B,JSMITH,2024-11-15
QUAL-2024-001,QV-03,-5,3,1,DUT_A,JSMITH,2024-11-15
QUAL-2024-001,QV-03,-1,3,1,DUT_A,JSMITH,2024-11-15
QUAL-2024-001,QV-03,1,3,1,DUT_A,JSMITH,2024-11-15
QUAL-2024-001,QV-03,6,3,1,DUT_B,JSMITH,2024-11-15
QUAL-2024-001,QV-03,9,3,1,DUT_B,JSMITH,2024-11-15
QUAL-2024-001,QV-03,11,3,1,DUT_A,JSMITH,2024-11-15
QUAL-2024-001,QV-03,22,3,1,DUT_A,JSMITH,2024-11-15
QUAL-2024-001,QV-03,23,3,1,DUT_A,JSMITH,2024-11-15
QUAL-2024-001,QV-03,-17,4,1,DUT_A,JSMITH,2024-11-15
QUAL-2024-001,QV-03,-16,4,1,DUT_B,JSMITH,2024-11-15
QUAL-2024-001,QV-03,-14,4,1,DUT_A,JSMITH,2024-11-15
QUAL-2024-001,QV-03,-9,4,1,DUT_A,JSMITH,2024-11-15
QUAL-2024-001,QV-03,-7,4,1,DUT_B,JSMITH,2024-11-15
QUAL-2024-001,QV-03,-5,4,1,DUT_A,JSMITH,2024-11-15
QUAL-2024-001,QV-03,-4,4,1,DUT_B,JSMITH,2024-11-15
QUAL-2024-001,QV-03,-1,4,1,DUT_B,JSMITH,2024-11-15
QUAL-2024-001,QV-03,2,4,1,DUT_B,JSMITH,2024-11-15
QUAL-2024-001,QV-03,6,4,1,DUT_A,JSMITH,2024-11-15
QUAL-2024-001,QV-03,8,4,1,DUT_B,JSMITH,2024-11-15
QUAL-2024-001,QV-03,9,4,1,DUT_A,JSMITH,2024-11-15
QUAL-2024-001,QV-03,16,4,1,DUT_A,JSMITH,2024-11-15
QUAL-2024-001,QV-03,26,4,3,DUT_B,JSMITH,2024-11-15
QUAL-2024-001,QV-03,-23,5,1,DUT_B,JSMITH,2024-11-15
QUAL-2024-001,QV-03,-12,5,1,DUT_A,JSMITH,2024-11-15
QUAL-2024-001,QV-03,-11,5,1,DUT_B,JSMITH,2024-11-15
QUAL-2024-001,QV-03,-1,5,1,DUT_A,JSMITH,2024-11-15
QUAL-2024-001,QV-03,4,5,1,DUT_B,JSMITH,2024-11-15
QUAL-2024-001,QV-03,7,5,1,DUT_B,JSMITH,2024-11-15
QUAL-2024-001,QV-03,15,5,1,DUT_A,JSMITH,2024-11-15
QUAL-2024-001,QV-03,16,5,1,DUT_B,JSMITH,2024-11-15
QUAL-2024-001,QV-03,25,5,1,DUT_B,JSMITH,2024-11-15
QUAL-2024-001,QV-03,-22,6,1,DUT_A,JSMITH,2024-11-15
QUAL-2024-001,QV-03,-21,6,3,DUT_B,JSMITH,2024-11-15
QUAL-2024-001,QV-03,-16,6,3,DUT_A,JSMITH,2024-11-15
QUAL-2024-001,QV-03,-10,6,1,DUT_A,JSMITH,2024-11-15
QUAL-2024-001,QV-03,-9,6,1,DUT_B,JSMITH,2024-11-15
QUAL-2024-001,QV-03,-2,6,1,DUT_A,JSMITH,2024-11-15
QUAL-2024-001,QV-03,-1,6,1,DUT_A,JSMITH,2024-11-15
QUAL-2024-001,QV-03,4,6,1,DUT_A,JSMITH,2024-11-15
QUAL-2024-001,QV-03,7,6,1,DUT_A,JSMITH,2024-11-15
QUAL-2024-001,QV-03,16,6,2,DUT_A,JSMITH,2024-11-15
QUAL-2024-001,QV-03,19,6,1,DUT_A,JSMITH,2024-11-15
QUAL-2024-001,QV-03,21,6,1,DUT_B,JSMITH,2024-11-15
QUAL-2024-001,QV-03,24,6,1,DUT_B,JSMITH,2024-11-15
QUAL-2024-001,QV-03,25,6,1,DUT_A,JSMITH,2024-11-15
QUAL-2024-001,QV-03,-17,7,1,DUT_A,JSMITH,2024-11-15
QUAL-2024-001,QV-03,-15,7,1,DUT_A,JSMITH,2024-11-15
QUAL-2024-001,QV-03,-14,7,1,DUT_A,JSMITH,2024-11-15
QUAL-2024-001,QV-03,-13,7,1,DUT_B,JSMITH,2024-11-15
QUAL-2024-001,QV-03,-12,7,1,DUT_A,JSMITH,2024-11-15
QUAL-2024-001,QV-03,-7,7,1,DUT_B,JSMITH,2024-11-15
QUAL-2024-001,QV-03,-6,7,1,DUT_A,JSMITH,2024-11-15
QUAL-2024-001,QV-03,-3,7,1,DUT_A,JSMITH,2024-11-15
QUAL-2024-001,QV-03,-1,7,1,DUT_B,JSMITH,2024-11-15
QUAL-2024-001,QV-03,2,7,1,DUT_B,JSMITH,2024-11-15
QUAL-2024-001,QV-03,9,7,1,DUT_A,JSMITH,2024-11-15
QUAL-2024-001,QV-03,10,7,1,DUT_A,JSMITH,2024-11-15
QUAL-2024-001,QV-03,13,7,1,DUT_A,JSMITH,2024-11-15
QUAL-2024-001,QV-03,14,7,1,DUT_B,JSMITH,2024-11-15
QUAL-2024-001,QV-03,15,7,1,DUT_A,JSMITH,2024-11-15
QUAL-2024-001,QV-03,20,7,1,DUT_B,JSMITH,2024-11-15
QUAL-2024-001,QV-03,21,7,1,DUT_A,JSMITH,2024-11-15
QUAL-2024-001,QV-03,25,7,1,DUT_A,JSMITH,2024-11-15
QUAL-2024-001,QV-03,-15,8,1,DUT_A,JSMITH,2024-11-15
QUAL-2024-001,QV-03,-14,8,1,DUT_B,JSMITH,2024-11-15
QUAL-2024-001,QV-03,-8,8,1,DUT_B,JSMITH,2024-11-15
QUAL-2024-001,QV-03,3,8,1,DUT_A,JSMITH,2024-11-15
QUAL-2024-001,QV-03,5,8,1,DUT_A,JSMITH,2024-11-15
QUAL-2024-001,QV-03,10,8,1,DUT_B,JSMITH,2024-11-15
QUAL-2024-001,QV-03,16,8,1,DUT_B,JSMITH,2024-11-15
QUAL-2024-001,QV-03,17,8,1,DUT_A,JSMITH,2024-11-15
QUAL-2024-001,QV-03,-22,9,1,DUT_A,JSMITH,2024-11-15
QUAL-2024-001,QV-03,-15,9,1,DUT_B,JSMITH,2024-11-15
QUAL-2024-001,QV-03,-13,9,1,DUT_A,JSMITH,2024-11-15
QUAL-2024-001,QV-03,-9,9,1,DUT_B,JSMITH,2024-11-15
QUAL-2024-001,QV-03,-7,9,1,DUT_A,JSMITH,2024-11-15
QUAL-2024-001,QV-03,-2,9,1,DUT_A,JSMITH,2024-11-15
QUAL-2024-001,QV-03,1,9,1,DUT_A,JSMITH,2024-11-15
QUAL-2024-001,QV-03,2,9,1,DUT_A,JSMITH,2024-11-15
QUAL-2024-001,QV-03,8,9,1,DUT_A,JSMITH,2024-11-15
QUAL-2024-001,QV-03,11,9,1,DUT_A,JSMITH,2024-11-15
QUAL-2024-001,QV-03,13,9,1,DUT_A,JSMITH,2024-11-15
QUAL-2024-001,QV-03,14,9,1,DUT_A,JSMITH,2024-11-15
QUAL-2024-001,QV-03,16,9,1,DUT_A,JSMITH,2024-11-15
QUAL-2024-001,QV-03,22,9,1,DUT_A,JSMITH,2024-11-15
QUAL-2024-001,QV-03,23,9,1,DUT_A,JSMITH,2024-11-15
QUAL-2024-001,QV-03,-20,10,1,DUT_A,JSMITH,2024-11-15
QUAL-2024-001,QV-03,-19,10,1,DUT_B,JSMITH,2024-11-15
QUAL-2024-001,QV-03,-11,10,1,DUT_A,JSMITH,2024-11-15
QUAL-2024-001,QV-03,-9,10,1,DUT_A,JSMITH,2024-11-15
QUAL-2024-001,QV-03,-7,10,1,DUT_B,JSMITH,2024-11-15
QUAL-2024-001,QV-03,4,10,1,DUT_A,JSMITH,2024-11-15
QUAL-2024-001,QV-03,9,10,2,DUT_A,JSMITH,2024-11-15
QUAL-2024-001,QV-03,10,10,1,DUT_A,JSMITH,2024-11-15
QUAL-2024-001,QV-03,11,10,1,DUT_B,JSMITH,2024-11-15
QUAL-2024-001,QV-03,13,10,1,DUT_A,JSMITH,2024-11-15
QUAL-2024-001,QV-03,14,10,1,DUT_B,JSMITH,2024-11-15
QUAL-2024-001,QV-03,17,10,1,DUT_B,JSMITH,2024-11-15
QUAL-2024-001,QV-03,18,10,1,DUT_A,JSMITH,2024-11-15
QUAL-2024-001,QV-03,20,10,1,DUT_B,JSMITH,2024-11-15
QUAL-2024-001,QV-03,22,10,2,DUT_A,JSMITH,2024-11-15
QUAL-2024-001,QV-03,-20,11,1,DUT_B,JSMITH,2024-11-15
QUAL-2024-001,QV-03,-18,11,1,DUT_A,JSMITH,2024-11-15
QUAL-2024-001,QV-03,-15,11,1,DUT_A,JSMITH,2024-11-15
QUAL-2024-001,QV-03,-12,11,1,DUT_A,JSMITH,2024-11-15
QUAL-2024-001,QV-03,-9,11,1,DUT_A,JSMITH,2024-11-15
QUAL-2024-001,QV-03,-8,11,2,DUT_B,JSMITH,2024-11-15
QUAL-2024-001,QV-03,-3,11,1,DUT_A,JSMITH,2024-11-15
QUAL-2024-001,QV-03,-2,11,1,DUT_B,JSMITH,2024-11-15
QUAL-2024-001,QV-03,2,11,1,DUT_A,JSMITH,2024-11-15
QUAL-2024-001,QV-03,3,11,1,DUT_A,JSMITH,2024-11-15
QUAL-2024-001,QV-03,10,11,1,DUT_B,JSMITH,2024-11-15
QUAL-2024-001,QV-03,12,11,1,DUT_A,JSMITH,2024-11-15
QUAL-2024-001,QV-03,17,11,1,DUT_A,JSMITH,2024-11-15
QUAL-2024-001,QV-03,18,11,1,DUT_A,JSMITH,2024-11-15
QUAL-2024-001,QV-03,-20,12,2,DUT_A,JSMITH,2024-11-15
QUAL-2024-001,QV-03,-17,12,1,DUT_A,JSMITH,2024-11-15
QUAL-2024-001,QV-03,-16,12,1,DUT_A,JSMITH,2024-11-15
QUAL-2024-001,QV-03,-15,12,1,DUT_B,JSMITH,2024-11-15
QUAL-2024-001,QV-03,-10,12,1,DUT_A,JSMITH,2024-11-15
QUAL-2024-001,QV-03,-8,12,1,DUT_A,JSMITH,2024-11-15
QUAL-2024-001,QV-03,-7,12,1,DUT_A,JSMITH,2024-11-15
QUAL-2024-001,QV-03,-2,12,1,DUT_A,JSMITH,2024-11-15
QUAL-2024-001,QV-03,0,12,3,DUT_B,JSMITH,2024-11-15
QUAL-2024-001,QV-03,3,12,1,DUT_B,JSMITH,2024-11-15
QUAL-2024-001,QV-03,7,12,1,DUT_A,JSMITH,2024-11-15
QUAL-2024-001,QV-03,8,12,1,DUT_A,JSMITH,2024-11-15
QUAL-2024-001,QV-03,10,12,1,DUT_A,JSMITH,2024-11-15
QUAL-2024-001,QV-03,15,12,1,DUT_B,JSMITH,2024-11-15
QUAL-2024-001,QV-03,16,12,1,DUT_A,JSMITH,2024-11-15
QUAL-2024-001,QV-03,17,12,3,DUT_A,JSMITH,2024-11-15
QUAL-2024-001,QV-03,18,12,1,DUT_B,JSMITH,2024-11-15
QUAL-2024-001,QV-03,19,12,1,DUT_A,JSMITH,2024-11-15
QUAL-2024-001,QV-03,-18,13,1,DUT_A,JSMITH,2024-11-15
QUAL-2024-001,QV-03,-16,13,1,DUT_B,JSMITH,2024-11-15
QUAL-2024-001,QV-03,-13,13,1,DUT_B,JSMITH,2024-11-15
QUAL-2024-001,QV-03,-5,13,1,DUT_A,JSMITH,2024-11-15
QUAL-2024-001,QV-03,-1,13,1,DUT_B,JSMITH,2024-11-15
QUAL-2024-001,QV-03,4,13,1,DUT_A,JSMITH,2024-11-15
QUAL-2024-001,QV-03,6,13,1,DUT_A,JSMITH,2024-11-15
QUAL-2024-001,QV-03,8,13,1,DUT_B,JSMITH,2024-11-15
QUAL-2024-001,QV-03,9,13,1,DUT_A,JSMITH,2024-11-15
QUAL-2024-001,QV-03,11,13,1,DUT_B,JSMITH,2024-11-15
QUAL-2024-001,QV-03,13,13,1,DUT_A,JSMITH,2024-11-15
QUAL-2024-001,QV-03,16,13,1,DUT_A,JSMITH,2024-11-15
QUAL-2024-001,QV-03,-17,14,1,DUT_B,JSMITH,2024-11-15
QUAL-2024-001,QV-03,-16,14,1,DUT_A,JSMITH,2024-11-15
QUAL-2024-001,QV-03,-12,14,1,DUT_A,JSMITH,2024-11-15
QUAL-2024-001,QV-03,-11,14,1,DUT_B,JSMITH,2024-11-15
QUAL-2024-001,QV-03,-8,14,1,DUT_B,JSMITH,2024-11-15
QUAL-2024-001,QV-03,2,14,1,DUT_A,JSMITH,2024-11-15
QUAL-2024-001,QV-03,5,14,1,DUT_A,JSMITH,2024-11-15
QUAL-2024-001,QV-03,6,14,1,DUT_A,JSMITH,2024-11-15
QUAL-2024-001,QV-03,11,14,1,DUT_A,JSMITH,2024-11-15
QUAL-2024-001,QV-03,12,14,1,DUT_A,JSMITH,2024-11-15
QUAL-2024-001,QV-03,-15,15,3,DUT_B,JSMITH,2024-11-15
QUAL-2024-001,QV-03,-12,15,1,DUT_B,JSMITH,2024-11-15
QUAL-2024-001,QV-03,-9,15,1,DUT_B,JSMITH,2024-11-15
QUAL-2024-001,QV-03,-1,15,1,DUT_A,JSMITH,2024-11-15
QUAL-2024-001,QV-03,2,15,1,DUT_A,JSMITH,2024-11-15
QUAL-2024-001,QV-03,4,15,1,DUT_A,JSMITH,2024-11-15
QUAL-2024-001,QV-03,5,15,2,DUT_A,JSMITH,2024-11-15
QUAL-2024-001,QV-03,7,15,1,DUT_A,JSMITH,2024-11-15
QUAL-2024-001,QV-03,15,15,1,DUT_B,JSMITH,2024-11-15
QUAL-2024-001,QV-03,-11,16,1,DUT_A,JSMITH,2024-11-15
QUAL-2024-001,QV-03,-10,16,1,DUT_B,JSMITH,2024-11-15
QUAL-2024-001,QV-03,-8,16,1,DUT_A,JSMITH,2024-11-15
QUAL-2024-001,QV-03,-5,16,1,DUT_A,JSMITH,2024-11-15
QUAL-2024-001,QV-03,-4,16,1,DUT_B,JSMITH,2024-11-15
QUAL-2024-001,QV-03,0,16,1,DUT_A,JSMITH,2024-11-15
QUAL-2024-001,QV-03,3,16,1,DUT_A,JSMITH,2024-11-15
QUAL-2024-001,QV-03,8,16,1,DUT_B,JSMITH,2024-11-15
QUAL-2024-001,QV-03,12,16,3,DUT_A,JSMITH,2024-11-15
QUAL-2024-001,QV-03,13,16,1,DUT_A,JSMITH,2024-11-15
QUAL-2024-001,QV-03,-4,17,1,DUT_A,JSMITH,2024-11-15
QUAL-2024-001,QV-03,-3,17,1,DUT_A,JSMITH,2024-11-15
QUAL-2024-001,QV-03,-1,17,1,DUT_A,JSMITH,2024-11-15
QUAL-2024-001,QV-03,9,17,1,DUT_A,JSMITH,2024-11-15
QUAL-2024-001,QV-03,-4,18,1,DUT_A,JSMITH,2024-11-15
QUAL-2024-001,QV-03,0,18,2,DUT_B,JSMITH,2024-11-15
QUAL-2024-001,QV-03,2,18,1,DUT_A,JSMITH,2024-11-15
